ethereum/meteor-dapp-wallet,https://github.com/ethereum/meteor-dapp-wallet
WalletConnect/walletconnect-example-dapp,https://github.com/WalletConnect/walletconnect-example-dapp
trustwallet/trust-wallet-ios,https://github.com/trustwallet/trust-wallet-ios
xilibi2003/Upchain-wallet,https://github.com/xilibi2003/Upchain-wallet
coinbase/coinbase-wallet-sdk,https://github.com/coinbase/coinbase-wallet-sdk
aragon/use-wallet,https://github.com/aragon/use-wallet
ethers-io/EthersWallet-ios,https://github.com/ethers-io/EthersWallet-ios
trustwallet/tokens,https://github.com/trustwallet/tokens
GokiProtocol/walletkit,https://github.com/GokiProtocol/walletkit
balance-io/balance-wallet,https://github.com/balance-io/balance-wallet
youwallet/wallet,https://github.com/youwallet/wallet
Giveth/giveth-dapp,https://github.com/Giveth/giveth-dapp
southex/SimpleWallet,https://github.com/southex/SimpleWallet
lhalcyon/dapp-wallet-demo,https://github.com/lhalcyon/dapp-wallet-demo
radek1st/time-locked-wallets,https://github.com/radek1st/time-locked-wallets
tomw1808/truffle_eth_class1,https://github.com/tomw1808/truffle_eth_class1
AlphaWallet/alpha-wallet-ios,https://github.com/AlphaWallet/alpha-wallet-ios
terra-money/wallet-provider,https://github.com/terra-money/wallet-provider
blockxlabs/enzyme,https://github.com/blockxlabs/enzyme
tallycash/extension,https://github.com/tallycash/extension
felipecsl/churras,https://github.com/felipecsl/churras
MetaMask/Add-Token,https://github.com/MetaMask/Add-Token
TokelPlatform/tokel_dapp,https://github.com/TokelPlatform/tokel_dapp
GoodDollar/GoodDAPP,https://github.com/GoodDollar/GoodDAPP
ChainSafe/filsnap,https://github.com/ChainSafe/filsnap
vechain/thor-sync.electron,https://github.com/vechain/thor-sync.electron
nanexcool/defi18n,https://github.com/nanexcool/defi18n
dynamicstrategies/cardano-wallet-connector,https://github.com/dynamicstrategies/cardano-wallet-connector
RootSoft/walletconnect-dart-sdk,https://github.com/RootSoft/walletconnect-dart-sdk
valora-inc/dapp-list,https://github.com/valora-inc/dapp-list
akropolisio/web3-wallets-kit,https://github.com/akropolisio/web3-wallets-kit
HydroProtocol/hydro-sdk-wallets,https://github.com/HydroProtocol/hydro-sdk-wallets
airgap-it/beacon-sdk,https://github.com/airgap-it/beacon-sdk
torusresearch/torus-website,https://github.com/torusresearch/torus-website
lky1001/tron-android-wallet,https://github.com/lky1001/tron-android-wallet
blockxlabs/aiwa,https://github.com/blockxlabs/aiwa
WalletConnect/web-examples,https://github.com/WalletConnect/web-examples
unchained-capital/ethereum-multisig,https://github.com/unchained-capital/ethereum-multisig
dapperlabs/dapper-contracts,https://github.com/dapperlabs/dapper-contracts
celo-org/celo-monorepo,https://github.com/celo-org/celo-monorepo
cobowallet/CoboSDK-Android,https://github.com/cobowallet/CoboSDK-Android
TP-Lab/Mobile-SDK,https://github.com/TP-Lab/Mobile-SDK
DappPocket/Ethereum-Wallet-SDK,https://github.com/DappPocket/Ethereum-Wallet-SDK
matter-labs-archive/FranklinPay-iOS,https://github.com/matter-labs-archive/FranklinPay-iOS
Shaivpidadi/NFT-Dapp-Boilerplate,https://github.com/Shaivpidadi/NFT-Dapp-Boilerplate
cobowallet/CoboSDK-iOS,https://github.com/cobowallet/CoboSDK-iOS
randlabs/myalgo-connect,https://github.com/randlabs/myalgo-connect
radek1st/uport-time-locked-wallets,https://github.com/radek1st/uport-time-locked-wallets
toncenter/dapp-example,https://github.com/toncenter/dapp-example
ETHAdminCORP/Wallet,https://github.com/ETHAdminCORP/Wallet
torusresearch/OpenLoginSdk,https://github.com/torusresearch/OpenLoginSdk
a-mitani/simple-ether-wallet,https://github.com/a-mitani/simple-ether-wallet
nsjames/Scatter,https://github.com/nsjames/Scatter
alicedapp/alice-react-native,https://github.com/alicedapp/alice-react-native
gochain/flutter_web3_provider,https://github.com/gochain/flutter_web3_provider
unchained-capital/bitcoin-multisig-older,https://github.com/unchained-capital/bitcoin-multisig-older
jiazechen/mds-ethjs,https://github.com/jiazechen/mds-ethjs
HTMLCOIN/althash-web-platform,https://github.com/HTMLCOIN/althash-web-platform
leadwallet/LEAD-Stake-DApp-Backend,https://github.com/leadwallet/LEAD-Stake-DApp-Backend
petejkim/cipher-ethereum,https://github.com/petejkim/cipher-ethereum
dappforce/dappforce-substrate-multisig,https://github.com/dappforce/dappforce-substrate-multisig
WeLightProject/Tai-Shang-NFT-Wallet,https://github.com/WeLightProject/Tai-Shang-NFT-Wallet
EOSMore/morewallet.js,https://github.com/EOSMore/morewallet.js
burner-wallet/sample-wallet,https://github.com/burner-wallet/sample-wallet
Morpher-io/MorpherWallet,https://github.com/Morpher-io/MorpherWallet
Kryptsy/Crypto-Wallet,https://github.com/Kryptsy/Crypto-Wallet
abdulmalik97/walletconnect-react-native-moralis,https://github.com/abdulmalik97/walletconnect-react-native-moralis
Kerala-Blockchain-Academy/SmartKYC,https://github.com/Kerala-Blockchain-Academy/SmartKYC
Wallet3/Wallet3-Desktop,https://github.com/Wallet3/Wallet3-Desktop
madfish-solutions/templewallet-dapp,https://github.com/madfish-solutions/templewallet-dapp
TP-Lab/scatter-demo,https://github.com/TP-Lab/scatter-demo
Cocos-BCX/wallet_Invoker,https://github.com/Cocos-BCX/wallet_Invoker
eccentricexit/simple-wallet,https://github.com/eccentricexit/simple-wallet
cennznet/singlesource-extension,https://github.com/cennznet/singlesource-extension
coin-worx/ether-wallet,https://github.com/coin-worx/ether-wallet
particl/particl-desktop,https://github.com/particl/particl-desktop
rentfuse-labs/neo-wallet-adapter,https://github.com/rentfuse-labs/neo-wallet-adapter
parity-js/dapp-wallet,https://github.com/parity-js/dapp-wallet
pink-room/walletconnectkit-android,https://github.com/pink-room/walletconnectkit-android
paritytech/dapp-wallet,https://github.com/paritytech/dapp-wallet
ethereumproject/meteor-dapp-wallet,https://github.com/ethereumproject/meteor-dapp-wallet
ZHUIMEN/vue-cli-plugin-web3modal,https://github.com/ZHUIMEN/vue-cli-plugin-web3modal
fjij/kangaroo,https://github.com/fjij/kangaroo
Auguron/sol_dapp_flutter_example,https://github.com/Auguron/sol_dapp_flutter_example
svelte-on-solana/wallet-adapter,https://github.com/svelte-on-solana/wallet-adapter
talentlessguy/awesome-defi,https://github.com/talentlessguy/awesome-defi
airgap-it/beacon-ios-sdk,https://github.com/airgap-it/beacon-ios-sdk
claudebarde/taquito-beacon-tutorial,https://github.com/claudebarde/taquito-beacon-tutorial
5daytech/udex-app-android,https://github.com/5daytech/udex-app-android
pedrouid/walletconnect,https://github.com/pedrouid/walletconnect
pirl/Oystr,https://github.com/pirl/Oystr
algorand-devrel/demo-counter-walletconnect-react,https://github.com/algorand-devrel/demo-counter-walletconnect-react
Agoric/dapp-fungible-faucet,https://github.com/Agoric/dapp-fungible-faucet
ismagin/waves-wallet-dapp-demo,https://github.com/ismagin/waves-wallet-dapp-demo
JianBinWu/Wallet-iOS,https://github.com/JianBinWu/Wallet-iOS
ecency/ecency-vision,https://github.com/ecency/ecency-vision
near/wallet-selector,https://github.com/near/wallet-selector
alcuadradotech/walletconnect-cdn-example,https://github.com/alcuadradotech/walletconnect-cdn-example
smbsp/importantdapps,https://github.com/smbsp/importantdapps
ray-network/raywallet-app,https://github.com/ray-network/raywallet-app
mercuzzi/Pureon-Android-App,https://github.com/mercuzzi/Pureon-Android-App
brave-experiments/meteor-dapp-wallet-prebuilt,https://github.com/brave-experiments/meteor-dapp-wallet-prebuilt
pirl/Oystr-Wallet-dApp,https://github.com/pirl/Oystr-Wallet-dApp
cypherpunk99/dapp-browser,https://github.com/cypherpunk99/dapp-browser
chainx-org/chainx-wallet-dapps,https://github.com/chainx-org/chainx-wallet-dapps
facebook-developer-circle-delhi/Smart-Wallet,https://github.com/facebook-developer-circle-delhi/Smart-Wallet
airgap-it/beacon-android-sdk,https://github.com/airgap-it/beacon-android-sdk
ashleshsortee/time-lock-eth-wallet,https://github.com/ashleshsortee/time-lock-eth-wallet
ca333/atomicDEX,https://github.com/ca333/atomicDEX
ethereumproject/dapp-styles,https://github.com/ethereumproject/dapp-styles
monomadic/solana-tokenlist,https://github.com/monomadic/solana-tokenlist
blockservice/blog,https://github.com/blockservice/blog
kmyw/React-Native-Dapp,https://github.com/kmyw/React-Native-Dapp
solarwallet/solar-wallet-stable,https://github.com/solarwallet/solar-wallet-stable
signupcash/signup-core,https://github.com/signupcash/signup-core
dappley/dappley-java,https://github.com/dappley/dappley-java
liusong1111/keypering,https://github.com/liusong1111/keypering
DogethereumProject/meteor-dapp-wallet,https://github.com/DogethereumProject/meteor-dapp-wallet
elachating/elachat,https://github.com/elachating/elachat
Daudxu/eth-wallet-modal,https://github.com/Daudxu/eth-wallet-modal
spacesuit-extension/SpaceSuit,https://github.com/spacesuit-extension/SpaceSuit
virtualeconomy/v-browser-ext-wallet,https://github.com/virtualeconomy/v-browser-ext-wallet
Daudxu/dapp-wallet-modal,https://github.com/Daudxu/dapp-wallet-modal
tallycash/tally.cash,https://github.com/tallycash/tally.cash
abridged/web-wallet-frame-sdk,https://github.com/abridged/web-wallet-frame-sdk
moinulmoin/ether-wallet,https://github.com/moinulmoin/ether-wallet
acclrate/cronos-dapp-basic-3,https://github.com/acclrate/cronos-dapp-basic-3
makkii-dev/makkii,https://github.com/makkii-dev/makkii
chainx-org/chainx-dapp-wallet-v2,https://github.com/chainx-org/chainx-dapp-wallet-v2
citahub/cyton-dapps,https://github.com/citahub/cyton-dapps
SilentCicero/meteor-pocketbook,https://github.com/SilentCicero/meteor-pocketbook
nicholaspai/upgradeable-erc20-dapp,https://github.com/nicholaspai/upgradeable-erc20-dapp
bitstashco/BitStash-Android-Wallet,https://github.com/bitstashco/BitStash-Android-Wallet
airgap-it/beacon-example-dapp,https://github.com/airgap-it/beacon-example-dapp
dcSpark/cardano-caniuse,https://github.com/dcSpark/cardano-caniuse
iotexproject/iotex-dapp-sample-old,https://github.com/iotexproject/iotex-dapp-sample-old
madfish-solutions/counter-dapp,https://github.com/madfish-solutions/counter-dapp
pirl/meteor-dapp-wallet,https://github.com/pirl/meteor-dapp-wallet
ethercore/meteor-dapp-wallet,https://github.com/ethercore/meteor-dapp-wallet
kambria-platform/kambria-wallet,https://github.com/kambria-platform/kambria-wallet
knnlrts/simple-multisig-wallet,https://github.com/knnlrts/simple-multisig-wallet
dappsinc/dappsuite-wallet,https://github.com/dappsinc/dappsuite-wallet
extraton/dapp-vouch,https://github.com/extraton/dapp-vouch
ontio-cyano/cyano-bridge,https://github.com/ontio-cyano/cyano-bridge
airgap-it/beacon-debug-wallet,https://github.com/airgap-it/beacon-debug-wallet
MAYLOL/maylol-wallet-ios,https://github.com/MAYLOL/maylol-wallet-ios
Noah180/wallet-Dapp,https://github.com/Noah180/wallet-Dapp
bitlogik/pyWalletConnect,https://github.com/bitlogik/pyWalletConnect
tallycash/tally-dapp-integration-samples,https://github.com/tallycash/tally-dapp-integration-samples
gconnect/AlgorandReachReactWallet,https://github.com/gconnect/AlgorandReachReactWallet
needly/lynx-chain-example-dapp,https://github.com/needly/lynx-chain-example-dapp
dapphub/dapple-wevm,https://github.com/dapphub/dapple-wevm
blockxlabs/enzyme-website,https://github.com/blockxlabs/enzyme-website
webb-tools/webb-dapp,https://github.com/webb-tools/webb-dapp
MiCurran/Nextjs-Cardano-DappWallet-Boilerplate,https://github.com/MiCurran/Nextjs-Cardano-DappWallet-Boilerplate
RayOshow/eosDappWallet,https://github.com/RayOshow/eosDappWallet
planethouki/nem2-test-dapps-wallet,https://github.com/planethouki/nem2-test-dapps-wallet
SVOIcom/browser-extension,https://github.com/SVOIcom/browser-extension
freitasgouvea/deed-angular,https://github.com/freitasgouvea/deed-angular
viaprotocol/web3-wallets,https://github.com/viaprotocol/web3-wallets
mcgraneder/Youtube-MultiSigWallet-VideoCode,https://github.com/mcgraneder/Youtube-MultiSigWallet-VideoCode
starterra/starterra-tool-dapp,https://github.com/starterra/starterra-tool-dapp
xboston/metahash-dapp-with-javascript-connect-example,https://github.com/xboston/metahash-dapp-with-javascript-connect-example
dappcenter/FluxWalletMe,https://github.com/dappcenter/FluxWalletMe
poplocker-dev/wallet-dapp,https://github.com/poplocker-dev/wallet-dapp
GitLeandroHub/flutter_ethereum_web3_dapp,https://github.com/GitLeandroHub/flutter_ethereum_web3_dapp
dt6120/Marketplace-Dapp,https://github.com/dt6120/Marketplace-Dapp
natclark/safari-wallet-test-dapp,https://github.com/natclark/safari-wallet-test-dapp
bsisic/nfight,https://github.com/bsisic/nfight
FundRequest/vesting-wallets,https://github.com/FundRequest/vesting-wallets
ronnycoding/dreamstack-react,https://github.com/ronnycoding/dreamstack-react
nakov/client-side-ethereum-wallet,https://github.com/nakov/client-side-ethereum-wallet
imthatcarlos/multisig-wallet-dapp,https://github.com/imthatcarlos/multisig-wallet-dapp
WilfredTA/token_mint,https://github.com/WilfredTA/token_mint
mcgraneder/Etherem-MultiSigWallet-Dapp,https://github.com/mcgraneder/Etherem-MultiSigWallet-Dapp
kambria-platform/capsule-wallet,https://github.com/kambria-platform/capsule-wallet
SmartChainX/SMX-Wallet,https://github.com/SmartChainX/SMX-Wallet
bagaking/eosplayer,https://github.com/bagaking/eosplayer
instawallet/weaveid,https://github.com/instawallet/weaveid
AxLabs/neo-tutorial-wallet-ans,https://github.com/AxLabs/neo-tutorial-wallet-ans
WaltonChain/waltonchain-wallet-ios,https://github.com/WaltonChain/waltonchain-wallet-ios
WaltonChain/waltonchain-wallet-android,https://github.com/WaltonChain/waltonchain-wallet-android
youchainhq/youwallet-app,https://github.com/youchainhq/youwallet-app
jajanjawa/wvex,https://github.com/jajanjawa/wvex
persistenceOne/persistenceJS,https://github.com/persistenceOne/persistenceJS
dapperlabs/dapper-wallet-support,https://github.com/dapperlabs/dapper-wallet-support
davidsoft318/meteor-dapp-wallet,https://github.com/davidsoft318/meteor-dapp-wallet
NEAR-Hispano/4myFuture,https://github.com/NEAR-Hispano/4myFuture
rishavchatterje/My_Dapp-Bitcoin-Wallet,https://github.com/rishavchatterje/My_Dapp-Bitcoin-Wallet
fernandezOli/wallet,https://github.com/fernandezOli/wallet
ysongh/Nft-Showcases,https://github.com/ysongh/Nft-Showcases
Ricechainorg/Wallet,https://github.com/Ricechainorg/Wallet
Anunnakill/Wallet,https://github.com/Anunnakill/Wallet
consenlabs/imkey-manager,https://github.com/consenlabs/imkey-manager
wooltar/flashWallet,https://github.com/wooltar/flashWallet
jikdo/wallet-view,https://github.com/jikdo/wallet-view
baking-bad/beacon-dotnet-sdk,https://github.com/baking-bad/beacon-dotnet-sdk
walletyme/Dapp,https://github.com/walletyme/Dapp
daniel-farina/vuejs-dapp-boilerplate,https://github.com/daniel-farina/vuejs-dapp-boilerplate
JCCDex/jcc-moac-multisig-wallet,https://github.com/JCCDex/jcc-moac-multisig-wallet
tuduweb/DApp-wallet-project,https://github.com/tuduweb/DApp-wallet-project
RiteshPuvvada/Rust-Calculator-in-Solana,https://github.com/RiteshPuvvada/Rust-Calculator-in-Solana
nanofuxion/arjs-react,https://github.com/nanofuxion/arjs-react
syedsimanta03/wallet,https://github.com/syedsimanta03/wallet
Sarah-HM-96/Wallet,https://github.com/Sarah-HM-96/Wallet
anshmishra010/Mutual-Wallet,https://github.com/anshmishra010/Mutual-Wallet
erdDEVcode/erdbox,https://github.com/erdDEVcode/erdbox
papyrusglobal/wallet,https://github.com/papyrusglobal/wallet
tesseract-one/Tesseract.rs,https://github.com/tesseract-one/Tesseract.rs
DiademNetwork/fluneumora,https://github.com/DiademNetwork/fluneumora
ArkaneNetwork/DevoxxDemo,https://github.com/ArkaneNetwork/DevoxxDemo
thelonehegelian/6_ether-wallet,https://github.com/thelonehegelian/6_ether-wallet
loobj126/DappWallet,https://github.com/loobj126/DappWallet
Dnyaneshwar-dev/DappWallet,https://github.com/Dnyaneshwar-dev/DappWallet
JasonZhouPW/dappWallet,https://github.com/JasonZhouPW/dappWallet
Dappwallet123/DappWallet,https://github.com/Dappwallet123/DappWallet
adykor/dappWallet,https://github.com/adykor/dappWallet
AleRapchan/stop-loss-bot,https://github.com/AleRapchan/stop-loss-bot
jyu520/walletDapp,https://github.com/jyu520/walletDapp
luodingchen/walletDapp,https://github.com/luodingchen/walletDapp
NewEconoLab/WalletKeeper,https://github.com/NewEconoLab/WalletKeeper
Seth-McKilla/nfty-wallet,https://github.com/Seth-McKilla/nfty-wallet
better-dart/pkg,https://github.com/better-dart/pkg
PlatONnetwork/WalletConnect-Example,https://github.com/PlatONnetwork/WalletConnect-Example
masaun/walletConnect-ticketing-dapp,https://github.com/masaun/walletConnect-ticketing-dapp
AlienegraGeek/walletconnect,https://github.com/AlienegraGeek/walletconnect
juchain/dapp-wallet,https://github.com/juchain/dapp-wallet
lucadonnoh/dappTokenWallet,https://github.com/lucadonnoh/dappTokenWallet
MultiVault/dapps,https://github.com/MultiVault/dapps
infinitywarg/react-web3-dapp,https://github.com/infinitywarg/react-web3-dapp
tomteman/attendr,https://github.com/tomteman/attendr
asqisys/newrl,https://github.com/asqisys/newrl
alekscp/multisigwallet,https://github.com/alekscp/multisigwallet
DAB-Foundation/DAB-Foundation.github.io,https://github.com/DAB-Foundation/DAB-Foundation.github.io
olfrank/MultiSig_Wallet,https://github.com/olfrank/MultiSig_Wallet
Agupane/wallet-selector,https://github.com/Agupane/wallet-selector
Hakeem00001/WalletConnect-,https://github.com/Hakeem00001/WalletConnect-
jackwrapus2016/WalletConnect-,https://github.com/jackwrapus2016/WalletConnect-
myBraavos/get-starknet-wallet,https://github.com/myBraavos/get-starknet-wallet
playzero/loot-macos,https://github.com/playzero/loot-macos
Hakeem00001/WalletConnect,https://github.com/Hakeem00001/WalletConnect
fchainio/firefly-examples,https://github.com/fchainio/firefly-examples
Chris39704/EthWallet,https://github.com/Chris39704/EthWallet
WISEPLAT/meteor-dapp-wallet,https://github.com/WISEPLAT/meteor-dapp-wallet
AndreyVol/ether-simplewallet,https://github.com/AndreyVol/ether-simplewallet
YouStock/meteor-dapp-wallet,https://github.com/YouStock/meteor-dapp-wallet
desdmax/naswallet,https://github.com/desdmax/naswallet
tolak/use-polkadot-wallet,https://github.com/tolak/use-polkadot-wallet
xus84/wallet_connection,https://github.com/xus84/wallet_connection
CatWallet/cat-wallet-ios-2nd-edition,https://github.com/CatWallet/cat-wallet-ios-2nd-edition
Jusharra/dapp_wallet,https://github.com/Jusharra/dapp_wallet
emTr0/NFT-Minting-and-Web3-App,https://github.com/emTr0/NFT-Minting-and-Web3-App
blueghost56/meteor-dapp-wallet,https://github.com/blueghost56/meteor-dapp-wallet
eduadiez/DAppNodePackage-cosmos,https://github.com/eduadiez/DAppNodePackage-cosmos
toluwanicareer/cc_wallet,https://github.com/toluwanicareer/cc_wallet
Hakeem00001/WalletConnect1,https://github.com/Hakeem00001/WalletConnect1
fateme1071/dapp,https://github.com/fateme1071/dapp
0xJacobean/McDapp,https://github.com/0xJacobean/McDapp
dexopensig/opensig-dapp,https://github.com/dexopensig/opensig-dapp
benjaminharringtonrose/dapper-wallet,https://github.com/benjaminharringtonrose/dapper-wallet
dharmaprotocol/dapp-wallet,https://github.com/dharmaprotocol/dapp-wallet
kranthicodes/multisig-wallet-eth,https://github.com/kranthicodes/multisig-wallet-eth
PeerPiper/iframe-wallet,https://github.com/PeerPiper/iframe-wallet
ASKIOUBRAHIM/wallet_Dapp,https://github.com/ASKIOUBRAHIM/wallet_Dapp
vol4tim/dapp-wallet,https://github.com/vol4tim/dapp-wallet
xternet/dapp_wallet,https://github.com/xternet/dapp_wallet
zskyfall/MultiSigWallet,https://github.com/zskyfall/MultiSigWallet
tetcoin-staging/dapp-wallet,https://github.com/tetcoin-staging/dapp-wallet
regis-fontaine/wallet-dapp,https://github.com/regis-fontaine/wallet-dapp
BenBktech/DAPP-WALLET,https://github.com/BenBktech/DAPP-WALLET
shivaganesh96/Wallet-DApp,https://github.com/shivaganesh96/Wallet-DApp
js-dist-paritytech/dapp-wallet,https://github.com/js-dist-paritytech/dapp-wallet
tetcoin/dapp-wallet,https://github.com/tetcoin/dapp-wallet
benywan/dapp-wallet,https://github.com/benywan/dapp-wallet
AbdulRafaySiddiqui/dapp-wallet,https://github.com/AbdulRafaySiddiqui/dapp-wallet
kevin-grylls/Smart-Wallet-UI,https://github.com/kevin-grylls/Smart-Wallet-UI
clintonbembryjr/wallet-dapp,https://github.com/clintonbembryjr/wallet-dapp
Trade-Help/wallet-dapp,https://github.com/Trade-Help/wallet-dapp
DonJ92/walletconnect-example-dapp,https://github.com/DonJ92/walletconnect-example-dapp
outsource-dao/wallet-dapp,https://github.com/outsource-dao/wallet-dapp
DonJ92/walletconnect-example-dapp,https://github.com/DonJ92/walletconnect-example-dapp
nordicenergy/Wallet-DApp,https://github.com/nordicenergy/Wallet-DApp
dezzzus/walletconnect-dapp,https://github.com/dezzzus/walletconnect-dapp
UnsignedInt8/BrowserWallet,https://github.com/UnsignedInt8/BrowserWallet
sambacha/expo-walletconnect,https://github.com/sambacha/expo-walletconnect
cxinping/PointWallet,https://github.com/cxinping/PointWallet
adityaviki/Ethereum-Wallet,https://github.com/adityaviki/Ethereum-Wallet
kallol-alite/wallet-poc,https://github.com/kallol-alite/wallet-poc
ahmetson/mobile-dapp,https://github.com/ahmetson/mobile-dapp
Rohan-3/Crypto-Wallet_Dapp,https://github.com/Rohan-3/Crypto-Wallet_Dapp
vincentOpenSource/Multi-blockchainDappDemo,https://github.com/vincentOpenSource/Multi-blockchainDappDemo
manifoldfinance/walletbus,https://github.com/manifoldfinance/walletbus
wooltar/walletview,https://github.com/wooltar/walletview
robmoorman/ledger-react-dapp,https://github.com/robmoorman/ledger-react-dapp
kaleidochain/dapp-time-locked-wallet,https://github.com/kaleidochain/dapp-time-locked-wallet
uthercoin/meteor-dapp-wallet,https://github.com/uthercoin/meteor-dapp-wallet
ballzcoin/ballzwallet-dapp-wallet,https://github.com/ballzcoin/ballzwallet-dapp-wallet
lin-crypto/dapp-boilerplate-reactjs,https://github.com/lin-crypto/dapp-boilerplate-reactjs
redesblock/Wallet,https://github.com/redesblock/Wallet
alessandrokonrad/ethereum-funding,https://github.com/alessandrokonrad/ethereum-funding
JoseRamirezAyala/wallet,https://github.com/JoseRamirezAyala/wallet
NderKev/SmartWallet-Dapp,https://github.com/NderKev/SmartWallet-Dapp
voltrevo/bls-wallet-billboard,https://github.com/voltrevo/bls-wallet-billboard
kimsol1126/myEtherWallet_Web,https://github.com/kimsol1126/myEtherWallet_Web
AlphaWallet/WalletConnectDeploy,https://github.com/AlphaWallet/WalletConnectDeploy
VeronicaT2021/dapp30-day6-ether-wallet,https://github.com/VeronicaT2021/dapp30-day6-ether-wallet
VeronicaT2021/dapp30-day13-multisig-wallet,https://github.com/VeronicaT2021/dapp30-day13-multisig-wallet
elementrem/meteor-dapp-wallet,https://github.com/elementrem/meteor-dapp-wallet
kevin-grylls/Smart-Wallet,https://github.com/kevin-grylls/Smart-Wallet
GabsZero/ethereum-wallet,https://github.com/GabsZero/ethereum-wallet
Tzunami/meteor-dapp-wallet,https://github.com/Tzunami/meteor-dapp-wallet
cryptolandtech/dapp-wallet-util,https://github.com/cryptolandtech/dapp-wallet-util
vapory-staging/meteor-dapp-wallet,https://github.com/vapory-staging/meteor-dapp-wallet
bhargav55/Dapp-with-Portis-Wallet,https://github.com/bhargav55/Dapp-with-Portis-Wallet
420Integrated/meteor-dapp-wallet,https://github.com/420Integrated/meteor-dapp-wallet
BLOCKCHAINDEVWEB/dapp-eth-wallet,https://github.com/BLOCKCHAINDEVWEB/dapp-eth-wallet
input-output-hk/midnight-dapp,https://github.com/input-output-hk/midnight-dapp
DAB-Foundation/dab-dapp-wallet,https://github.com/DAB-Foundation/dab-dapp-wallet
evilmao/Ethereum-dapp-wallet,https://github.com/evilmao/Ethereum-dapp-wallet
Jahsus/dApp-wallet,https://github.com/Jahsus/dApp-wallet
bonkrat/dapp-wallet-login,https://github.com/bonkrat/dapp-wallet-login
ChristopheApp/wallet-dApp,https://github.com/ChristopheApp/wallet-dApp
mynamezxc/walletconnect-example-dapp,https://github.com/mynamezxc/walletconnect-example-dapp
Shabair/MultiSigWallet_Dapp,https://github.com/Shabair/MultiSigWallet_Dapp
renzo4web/multipass-wallet-dapp,https://github.com/renzo4web/multipass-wallet-dapp
vladikopl01/Connect-Wallet-Dapp,https://github.com/vladikopl01/Connect-Wallet-Dapp
kharioki/walletconnect-rn-dapp,https://github.com/kharioki/walletconnect-rn-dapp
alub-ts/tesing-dapp,https://github.com/alub-ts/tesing-dapp
Taburu/ballzwallet-dapp-wallet,https://github.com/Taburu/ballzwallet-dapp-wallet
Babyqoo/meteor-dapp-wallet-20180313,https://github.com/Babyqoo/meteor-dapp-wallet-20180313
vapory-legacy/meteor-dapp-wallet,https://github.com/vapory-legacy/meteor-dapp-wallet
AmazingBeerBelly/walletconnect-example-dapp,https://github.com/AmazingBeerBelly/walletconnect-example-dapp
chainx-org/chainx-dapp-wallet-bug,https://github.com/chainx-org/chainx-dapp-wallet-bug
nghminh163/Wallet-Connect-DApps-Android,https://github.com/nghminh163/Wallet-Connect-DApps-Android
hassantauqeer/ST-wallet-dApp,https://github.com/hassantauqeer/ST-wallet-dApp
mankenavenkatesh/MultisigWalletDapp,https://github.com/mankenavenkatesh/MultisigWalletDapp
akorunska/eth_wallet_dapp,https://github.com/akorunska/eth_wallet_dapp
tetcoin/meteor-dapp-wallet,https://github.com/tetcoin/meteor-dapp-wallet
chadracelis/Elastos.Trinity.DApps.Wallet,https://github.com/chadracelis/Elastos.Trinity.DApps.Wallet
AmirDiafi/ethereum_wallet-DAPP-,https://github.com/AmirDiafi/ethereum_wallet-DAPP-
bhargav55/Dapp-with-Portis-Wallet,https://github.com/bhargav55/Dapp-with-Portis-Wallet
420Integrated/meteor-dapp-wallet,https://github.com/420Integrated/meteor-dapp-wallet
BLOCKCHAINDEVWEB/dapp-eth-wallet,https://github.com/BLOCKCHAINDEVWEB/dapp-eth-wallet
alexvandesande/meteor-dapp-wallet-static,https://github.com/alexvandesande/meteor-dapp-wallet-static
EarthDollar/ed-meteor-dapp-wallet,https://github.com/EarthDollar/ed-meteor-dapp-wallet
yutaro-elk/test-dapps-wallet-sample,https://github.com/yutaro-elk/test-dapps-wallet-sample
rasmusWU/Dappy-crypto-wallet,https://github.com/rasmusWU/Dappy-crypto-wallet
thoan34/Simple.dApp.Wallet,https://github.com/thoan34/Simple.dApp.Wallet
VictorONN/smart-contract-wallet-dapp,https://github.com/VictorONN/smart-contract-wallet-dapp
SAMBITSARGAM/my-wallet-Dapp,https://github.com/SAMBITSARGAM/my-wallet-Dapp
Harshiv07/mock-dai-wallet-dapp,https://github.com/Harshiv07/mock-dai-wallet-dapp
xiw022/myFirstDappWallet,https://github.com/xiw022/myFirstDappWallet
struena/meteor-dapp-wallet,https://github.com/struena/meteor-dapp-wallet
sandeepmanvar/Tron-Shared-Wallet-DApp,https://github.com/sandeepmanvar/Tron-Shared-Wallet-DApp
francosion042/React-DAPP-Wallet-Connection,https://github.com/francosion042/React-DAPP-Wallet-Connection
FlorentinLedy/DAPP-Ethereum-Wallet,https://github.com/FlorentinLedy/DAPP-Ethereum-Wallet
jackyx0208/walletconnect-example-dapp,https://github.com/jackyx0208/walletconnect-example-dapp
bitherhq/meteor-dapp-wallet,https://github.com/bitherhq/meteor-dapp-wallet
viraj124/MultiSig-Wallet-Dapp,https://github.com/viraj124/MultiSig-Wallet-Dapp
andreypostal/shared-wallet-dapp,https://github.com/andreypostal/shared-wallet-dapp
ZigaPotrebujes/dapp-MultiSig-wallet,https://github.com/ZigaPotrebujes/dapp-MultiSig-wallet
szleoyangyueyun/walletconnect-example-dapp,https://github.com/szleoyangyueyun/walletconnect-example-dapp
tetcoin-staging/meteor-dapp-wallet,https://github.com/tetcoin-staging/meteor-dapp-wallet
shawnowi/walletconnect-example-dapp,https://github.com/shawnowi/walletconnect-example-dapp
taranchik/dapp-choose-wallet,https://github.com/taranchik/dapp-choose-wallet
mikedotexe/sender-wallet-dapp-example,https://github.com/mikedotexe/sender-wallet-dapp-example
Zxu49/DemoDapp,https://github.com/Zxu49/DemoDapp
Margotte83/dAppWalletEth,https://github.com/Margotte83/dAppWalletEth
0xcharleth/EVM-Wallet-DAPP,https://github.com/0xcharleth/EVM-Wallet-DAPP
oldhanddev/walletconnect-sample-dapp,https://github.com/oldhanddev/walletconnect-sample-dapp
letthemusicpay/dapper-wallet-integration,https://github.com/letthemusicpay/dapper-wallet-integration
Sacronux/walletconnect-example-dapp,https://github.com/Sacronux/walletconnect-example-dapp
hiddenroadss/dapp-sharedWallet,https://github.com/hiddenroadss/dapp-sharedWallet
chemudupatiks/MultiSigWalletDapp,https://github.com/chemudupatiks/MultiSigWalletDapp
TRScan/walletconnect-example-dapp,https://github.com/TRScan/walletconnect-example-dapp
FredLC29/my-dapp-wallet,https://github.com/FredLC29/my-dapp-wallet
Margotte83/dApp_wallet_token,https://github.com/Margotte83/dApp_wallet_token
bellmorecode/CommunityWalletDapp,https://github.com/bellmorecode/CommunityWalletDapp
2namkyung/dapp-connect-wallet,https://github.com/2namkyung/dapp-connect-wallet
Ether1Project/meteor-dapp-wallet,https://github.com/Ether1Project/meteor-dapp-wallet
abhilash-pinapaka/Dapp-MultiSIgWallet,https://github.com/abhilash-pinapaka/Dapp-MultiSIgWallet
combchain/meteor-dapp-wallet,https://github.com/combchain/meteor-dapp-wallet
Ethersocial/meteor-dapp-wallet,https://github.com/Ethersocial/meteor-dapp-wallet
SpaceGoat97/MicroDApp-Wallet,https://github.com/SpaceGoat97/MicroDApp-Wallet
circlesland/o-dapp-wallet,https://github.com/circlesland/o-dapp-wallet
EdgarBarrantes/walletconnect-example-dapp,https://github.com/EdgarBarrantes/walletconnect-example-dapp
defi-vn/dAppWalletUtils,https://github.com/defi-vn/dAppWalletUtils
vaibhavaggarwal4/ethWalletDapp,https://github.com/vaibhavaggarwal4/ethWalletDapp
hboisgibault/shared-wallet-dapp,https://github.com/hboisgibault/shared-wallet-dapp
agoric-labs/dapp-react-wallet,https://github.com/agoric-labs/dapp-react-wallet
JoeChouHearts/walletconnect-dapp-demo,https://github.com/JoeChouHearts/walletconnect-dapp-demo
nwalo/connect-dapp-wallet,https://github.com/nwalo/connect-dapp-wallet
akkySrivastava/dApp-wallet-connect,https://github.com/akkySrivastava/dApp-wallet-connect
phongnhat19/kiss-wallet-dapp,https://github.com/phongnhat19/kiss-wallet-dapp
ethgamble/gamble-wallet-dapp,https://github.com/ethgamble/gamble-wallet-dapp
AICHAIN-CORE/meteor-dapp-wallet,https://github.com/AICHAIN-CORE/meteor-dapp-wallet
christabelazura/walletconnect-example-dapp,https://github.com/christabelazura/walletconnect-example-dapp
satoshistackalotto/Ethereum_wallet_Dapp,https://github.com/satoshistackalotto/Ethereum_wallet_Dapp
soft-proactive/meteor-dapp-wallet,https://github.com/soft-proactive/meteor-dapp-wallet
SenderWallet/sender-wallet-dapp-example,https://github.com/SenderWallet/sender-wallet-dapp-example
Professors-Guild-DAO/Dapp-Wallet-Connector,https://github.com/Professors-Guild-DAO/Dapp-Wallet-Connector
chengfenlu/Meteor-dapp-wallet,https://github.com/chengfenlu/Meteor-dapp-wallet
SwetaKryptoblocks/meteor-dapp-wallet,https://github.com/SwetaKryptoblocks/meteor-dapp-wallet
zrincin/MultiSigWallet-dapp,https://github.com/zrincin/MultiSigWallet-dapp
parity-js/dapp-develop,https://github.com/parity-js/dapp-develop
Nitro888/dApp-Alliance,https://github.com/Nitro888/dApp-Alliance
BitskiCo/example-backend-dapp,https://github.com/BitskiCo/example-backend-dapp
sagarjethi/distribute-token-to-multiple-address,https://github.com/sagarjethi/distribute-token-to-multiple-address
vitbutapps/mEOS-iOS,https://github.com/vitbutapps/mEOS-iOS
BlockwideTeam/gamechanger-dapp-cli,https://github.com/BlockwideTeam/gamechanger-dapp-cli
JamesVorder/dapper,https://github.com/JamesVorder/dapper
token-bank/EthersWallet-ios,https://github.com/token-bank/EthersWallet-ios
ediopia/react-neo-wallets,https://github.com/ediopia/react-neo-wallets
lipengfei0539/MultiSigWallet,https://github.com/lipengfei0539/MultiSigWallet
gravityblast/tap-wallet-pos,https://github.com/gravityblast/tap-wallet-pos
gitdevstar/Jax-Wallet-Android,https://github.com/gitdevstar/Jax-Wallet-Android
kuoabu/eth-hot-wallet,https://github.com/kuoabu/eth-hot-wallet
dydxprotocol/walletdirect,https://github.com/dydxprotocol/walletdirect
vineetaparodkar/wallet_connect_sample,https://github.com/vineetaparodkar/wallet_connect_sample
damianobacchin/SharedWallet-client,https://github.com/damianobacchin/SharedWallet-client
vineetaparodkar/wallet_connect_sample,https://github.com/vineetaparodkar/wallet_connect_sample
nocsg/flutter-ethereum-dapp,https://github.com/nocsg/flutter-ethereum-dapp
lin-crypto/dapp-boilerplate-nextjs,https://github.com/lin-crypto/dapp-boilerplate-nextjs
Monarch717/Solana-Gaming-Dapp,https://github.com/Monarch717/Solana-Gaming-Dapp
kroim/MinimizedWeb3Wallet,https://github.com/kroim/MinimizedWeb3Wallet
AfroApes/Cross-Platform-DApp-Wallet-Connector,https://github.com/AfroApes/Cross-Platform-DApp-Wallet-Connector
mathijs81/tokenblend,https://github.com/mathijs81/tokenblend
eraykisabacak/first-ethereum-wallet-connection-dapp,https://github.com/eraykisabacak/first-ethereum-wallet-connection-dapp
ShainDholakiya/HyperverseStarterDapp-ConnectWallet,https://github.com/ShainDholakiya/HyperverseStarterDapp-ConnectWallet
Vitomir2/dApp-web3-wallets,https://github.com/Vitomir2/dApp-web3-wallets
flairxy/day13_multisig_wallet_dapp,https://github.com/flairxy/day13_multisig_wallet_dapp
daniserafs/simple-dapp-coinbase-wallet-sdk,https://github.com/daniserafs/simple-dapp-coinbase-wallet-sdk
JJ-Top/Dapp2-ConsultaETHWallet,https://github.com/JJ-Top/Dapp2-ConsultaETHWallet
kayhanozturk/Simple-dApp-with-MetaMask,https://github.com/kayhanozturk/Simple-dApp-with-MetaMask
devonwesley/miwok-desktop-app,https://github.com/devonwesley/miwok-desktop-app
Jacquelinevv0693/Ether-Solidity,https://github.com/Jacquelinevv0693/Ether-Solidity
ElrondNetwork/elrond-sdk-erdjs-wallet-connect-provider,https://github.com/ElrondNetwork/elrond-sdk-erdjs-wallet-connect-provider
AICHAIN-CORE/nodemodules-aichain-bignunberjs,https://github.com/AICHAIN-CORE/nodemodules-aichain-bignunberjs
ANMOLCODES/DappBoard,https://github.com/ANMOLCODES/DappBoard
rayGreycloud/time-safe,https://github.com/rayGreycloud/time-safe
santosant/metamask-connect,https://github.com/santosant/metamask-connect
Bloinx/bloinx-mobile,https://github.com/Bloinx/bloinx-mobile
kwonnaseong/kwonnaseong.github.io,https://github.com/kwonnaseong/kwonnaseong.github.io
ElrondNetwork/elrond-sdk-erdjs-hw-provider,https://github.com/ElrondNetwork/elrond-sdk-erdjs-hw-provider
haitruonginfotech/eoswallet,https://github.com/haitruonginfotech/eoswallet
ludyfrl/MetaToken,https://github.com/ludyfrl/MetaToken
bskrksyp9/eosagnular,https://github.com/bskrksyp9/eosagnular
syedsimanta03/dex-openzeppelin,https://github.com/syedsimanta03/dex-openzeppelin
ElrondNetwork/elrond-sdk-erdjs-web-wallet-provider,https://github.com/ElrondNetwork/elrond-sdk-erdjs-web-wallet-provider
ANMOLCODES/DappBoard,https://github.com/ANMOLCODES/DappBoard
Sachinkry/DApp-Voting,https://github.com/Sachinkry/DApp-Voting
fabcotech/dapp-miniwallet,https://github.com/fabcotech/dapp-miniwallet
yekta-yengi/Basic-Dapp,https://github.com/yekta-yengi/Basic-Dapp
System-in-a-System/EtherExchange---Ethereum-DApp,https://github.com/System-in-a-System/EtherExchange---Ethereum-DApp
ontio-cyano/dapp-store,https://github.com/ontio-cyano/dapp-store
MingJing2015/NAS-Wallet,https://github.com/MingJing2015/NAS-Wallet
alvorithm/mulitsignature-wallet,https://github.com/alvorithm/mulitsignature-wallet
wangchungeng/walletconnect-example,https://github.com/wangchungeng/walletconnect-example
fairDataSociety/Fairdrive,https://github.com/fairDataSociety/Fairdrive
nyabongoedgar/WalletConnect,https://github.com/nyabongoedgar/WalletConnect
emg110/algorandqrcode,https://github.com/emg110/algorandqrcode
ksridharbabuus/cardano_wallet_connect,https://github.com/ksridharbabuus/cardano_wallet_connect
0xclem/wallet-connect-l2,https://github.com/0xclem/wallet-connect-l2
lightconsen/mytrust-dapp-api,https://github.com/lightconsen/mytrust-dapp-api
NicoDFS/qtum-light-wallet,https://github.com/NicoDFS/qtum-light-wallet
TheAncientGoat/walletconnect-erc20-approval,https://github.com/TheAncientGoat/walletconnect-erc20-approval
webdev0627/dapp-minting-react,https://github.com/webdev0627/dapp-minting-react
kharioki/Celo_Marketplace_DApp,https://github.com/kharioki/Celo_Marketplace_DApp
JamesSmartCell/Dapp-Test-Site,https://github.com/JamesSmartCell/Dapp-Test-Site
davidkhk/dk-crypto-dapp,https://github.com/davidkhk/dk-crypto-dapp
Jaimeloeuf/Gasless-Magic,https://github.com/Jaimeloeuf/Gasless-Magic
flotea-io/eth-node,https://github.com/flotea-io/eth-node
killingman21/walletconnectdapp,https://github.com/killingman21/walletconnectdapp
lvanyal/lvanyal.TrustWalletDAppTest.github.io,https://github.com/lvanyal/lvanyal.TrustWalletDAppTest.github.io
HicoMcD/Crypto-Gifts-To-Minors-Wallet-Dapp,https://github.com/HicoMcD/Crypto-Gifts-To-Minors-Wallet-Dapp
Blocktopus/blocktopus-guard,https://github.com/Blocktopus/blocktopus-guard
ensbot/ensbot-teslafunds-meteor-dapp-wallet-teslafunds,https://github.com/ensbot/ensbot-teslafunds-meteor-dapp-wallet-teslafunds
yutaro-elk/nem2-test-dapps-wallet-ts,https://github.com/yutaro-elk/nem2-test-dapps-wallet-ts
GonGopal/Brave-Wallet-Manually-Connecting-to-dApps,https://github.com/GonGopal/Brave-Wallet-Manually-Connecting-to-dApps
bethanyuo/client-wallet,https://github.com/bethanyuo/client-wallet
akhil2015/dapp-store,https://github.com/akhil2015/dapp-store
balusio/Dapp-center,https://github.com/balusio/Dapp-center
rohithrajasekharan/blockathon-dapp,https://github.com/rohithrajasekharan/blockathon-dapp
fdpilkington/tipjar-dapp,https://github.com/fdpilkington/tipjar-dapp
AICHAIN-CORE/dapp-styles,https://github.com/AICHAIN-CORE/dapp-styles
Moni1337/FirstDapp,https://github.com/Moni1337/FirstDapp
anikethsaha/DAPP-Demo,https://github.com/anikethsaha/DAPP-Demo
Kayuii/wallet,https://github.com/Kayuii/wallet
galenhwang/ethWallet,https://github.com/galenhwang/ethWallet
davidsoft318/use-wallet,https://github.com/davidsoft318/use-wallet
bethanyuo/voting-dApp,https://github.com/bethanyuo/voting-dApp
romulloqueiroz/portfolio_mobile-web3_dApp,https://github.com/romulloqueiroz/portfolio_mobile-web3_dApp
Dipankar-Medhi/shared-wallet,https://github.com/Dipankar-Medhi/shared-wallet
kinggigo/daon-wallet,https://github.com/kinggigo/daon-wallet
provenance-io/walletconnect-js,https://github.com/provenance-io/walletconnect-js
paniaguaadrian/nft-marketplace,https://github.com/paniaguaadrian/nft-marketplace
suhasranganath/MultiSigWallet,https://github.com/suhasranganath/MultiSigWallet
Charlez91/moralis-dapp,https://github.com/Charlez91/moralis-dapp
suhasBR/solana-dapp-starter-kit,https://github.com/suhasBR/solana-dapp-starter-kit
OCC-Coin/Test-network-core-DAPP,https://github.com/OCC-Coin/Test-network-core-DAPP
AkshatRepo/Conference-Booking-Dapp,https://github.com/AkshatRepo/Conference-Booking-Dapp
jacob-tucker/flow-dapp-emulator,https://github.com/jacob-tucker/flow-dapp-emulator
gitalvininfo/Angular-Ethereum-Dapp,https://github.com/gitalvininfo/Angular-Ethereum-Dapp
BitizenWallet/test-dapp-ng,https://github.com/BitizenWallet/test-dapp-ng
clooneyr/send-algo-dapp,https://github.com/clooneyr/send-algo-dapp
Kerala-Blockchain-Academy/Certificate-Dapp-V2,https://github.com/Kerala-Blockchain-Academy/Certificate-Dapp-V2
0xTDF/Allowance-dApp,https://github.com/0xTDF/Allowance-dApp
chainbow/chainbow_docs,https://github.com/chainbow/chainbow_docs
VibelandInc/dApp-Development,https://github.com/VibelandInc/dApp-Development
rgm93/ReWallet,https://github.com/rgm93/ReWallet
stargaze-network/stargaze-wallet,https://github.com/stargaze-network/stargaze-wallet
donatedTunic1290/CryptoWallet-Basic,https://github.com/donatedTunic1290/CryptoWallet-Basic
WilfredTA/keyper-bridge,https://github.com/WilfredTA/keyper-bridge
varianhalai/add-eth-usdt,https://github.com/varianhalai/add-eth-usdt
unclerom/sablier-claimer,https://github.com/unclerom/sablier-claimer
LaunchPADInc/lnch-org-wallet,https://github.com/LaunchPADInc/lnch-org-wallet
drbh/portis-wallet-ext,https://github.com/drbh/portis-wallet-ext
bahaaGit/Multi-Signuature-Wallet,https://github.com/bahaaGit/Multi-Signuature-Wallet
dogedefi/web3-connector,https://github.com/dogedefi/web3-connector
FantasyGold/FGCLite,https://github.com/FantasyGold/FGCLite
empow-blockchain/send-transaction-example,https://github.com/empow-blockchain/send-transaction-example
okorieebube/hashnode-hackathon-client,https://github.com/okorieebube/hashnode-hackathon-client
JaredRiceSr/Designate,https://github.com/JaredRiceSr/Designate
scofield-whitefire/varroconnect,https://github.com/scofield-whitefire/varroconnect
msallent/epic-nfts,https://github.com/msallent/epic-nfts
balag3/Angular-Ethereum-Wallet-Connector,https://github.com/balag3/Angular-Ethereum-Wallet-Connector
Anmolnoor/solana-wallet-playground,https://github.com/Anmolnoor/solana-wallet-playground
Ryancit2/decent-expenses,https://github.com/Ryancit2/decent-expenses
jugaleezy/metamask-connection,https://github.com/jugaleezy/metamask-connection
ElrondNetwork/elrond-sdk-erdjs-extension-provider,https://github.com/ElrondNetwork/elrond-sdk-erdjs-extension-provider
crediblenetwork/credible-wallet-proto,https://github.com/crediblenetwork/credible-wallet-proto
nakao4532/ethereum-traning,https://github.com/nakao4532/ethereum-traning
varianhalai/add-3crv,https://github.com/varianhalai/add-3crv
cNoveron/LealtadVerde-WalletService,https://github.com/cNoveron/LealtadVerde-WalletService
Musashi13/HELP,https://github.com/Musashi13/HELP
benchlab/Designate,https://github.com/benchlab/Designate
luciotato/vanilla-near-webwallet-typescript,https://github.com/luciotato/vanilla-near-webwallet-typescript
tabshaikh/nft-drop,https://github.com/tabshaikh/nft-drop
varianhalai/add-eth-usdc,https://github.com/varianhalai/add-eth-usdc
vjgaur/web3.0-blockchain-dapp,https://github.com/vjgaur/web3.0-blockchain-dapp
mingcnjs/ethereum-web3js-dapp,https://github.com/mingcnjs/ethereum-web3js-dapp
Daniel-Ozori/Dappy,https://github.com/Daniel-Ozori/Dappy
kmacancela/wallet-onboard,https://github.com/kmacancela/wallet-onboard
rohanashik/nulsbridge,https://github.com/rohanashik/nulsbridge
esolidar/valora-celo-dapp,https://github.com/esolidar/valora-celo-dapp
Drrowly99/Connecting-Dapp-with-Metamask,https://github.com/Drrowly99/Connecting-Dapp-with-Metamask
MatthiasWanner/vue_dapp_test,https://github.com/MatthiasWanner/vue_dapp_test
alacrityio/alacrity-dapp-login,https://github.com/alacrityio/alacrity-dapp-login
Marall-Y/MetaMask-Wallet,https://github.com/Marall-Y/MetaMask-Wallet
CozyLaptop/Crypto-Wallet-Explorer,https://github.com/CozyLaptop/Crypto-Wallet-Explorer
CozyLaptop/Crypto-Wallet-Explorer,https://github.com/CozyLaptop/Crypto-Wallet-Explorer
SugamKuber/SOL_DAPP,https://github.com/SugamKuber/SOL_DAPP
aerovek/Elrond-Dapp,https://github.com/aerovek/Elrond-Dapp
byteball/obyte-browser-chat,https://github.com/byteball/obyte-browser-chat
SumanChakraborty1998/MultiSignerWallet,https://github.com/SumanChakraborty1998/MultiSignerWallet
Stelvinsaji/Dappex,https://github.com/Stelvinsaji/Dappex
harshs404/HS_CryptoCoin_Wallet,https://github.com/harshs404/HS_CryptoCoin_Wallet
SpaceGoat97/ProjectAffinity,https://github.com/SpaceGoat97/ProjectAffinity
erdDEVcode/elrondjs,https://github.com/erdDEVcode/elrondjs
davidngu3/solidity-monster-dapp,https://github.com/davidngu3/solidity-monster-dapp
Webners1/BSCWalletTrackerDapp,https://github.com/Webners1/BSCWalletTrackerDapp
SukiratWarring/Dapp_Eth_vending_machine,https://github.com/SukiratWarring/Dapp_Eth_vending_machine
Hendobox/Blind-Auctioning-DApp,https://github.com/Hendobox/Blind-Auctioning-DApp
gareys-cb/example-dapp,https://github.com/gareys-cb/example-dapp
Falk0r/Ethereum-first-Dapp,https://github.com/Falk0r/Ethereum-first-Dapp
Muller774/WalletConnect,https://github.com/Muller774/WalletConnect
AR-UNIT/ETHEREUM-MULTISIGNATORY-WALLET,https://github.com/AR-UNIT/ETHEREUM-MULTISIGNATORY-WALLET
jacobvanschenck/Multisig-Wallet,https://github.com/jacobvanschenck/Multisig-Wallet
pepsighan/gappe,https://github.com/pepsighan/gappe
Andres-Andretti/Lottery-DApp,https://github.com/Andres-Andretti/Lottery-DApp
patrickodacre/dapp-starter,https://github.com/patrickodacre/dapp-starter
abhinav-neil/nft-dapp,https://github.com/abhinav-neil/nft-dapp
shafayeatsumit/safe-wallet,https://github.com/shafayeatsumit/safe-wallet
gemanepa/react-web3js-eth-payment,https://github.com/gemanepa/react-web3js-eth-payment
gemanepa/react-ethersjs-eth-payment,https://github.com/gemanepa/react-ethersjs-eth-payment
JaymoAymer/multi-sig-ethereum-wallet,https://github.com/JaymoAymer/multi-sig-ethereum-wallet
nymlab/vectis,https://github.com/nymlab/vectis
harmony-one/harmony-utils,https://github.com/harmony-one/harmony-utils
landtanin/StarNotary,https://github.com/landtanin/StarNotary
RhaphePDX/DemoNFT,https://github.com/RhaphePDX/DemoNFT
OutlawJoseyWales/solanaGIFs,https://github.com/OutlawJoseyWales/solanaGIFs
erdDEVcode/sting-desktop,https://github.com/erdDEVcode/sting-desktop
swaraj70/mint_NFT,https://github.com/swaraj70/mint_NFT
manomage/my-wave-portal,https://github.com/manomage/my-wave-portal
ronnycoding/dreamstack-nextjs,https://github.com/ronnycoding/dreamstack-nextjs
creative-web-graphic-solutions/Decentralizedwallet,https://github.com/creative-web-graphic-solutions/Decentralizedwallet
koin4dapp/lynx,https://github.com/koin4dapp/lynx
itsbek/full-stack-anchor-app,https://github.com/itsbek/full-stack-anchor-app
FrontierFoundry/discourse-web3-login,https://github.com/FrontierFoundry/discourse-web3-login
glauberdm/EthereumFinchainCourseToken,https://github.com/glauberdm/EthereumFinchainCourseToken
cherylkw/multisigwallet,https://github.com/cherylkw/multisigwallet
varianhalai/add-eth-wbtc,https://github.com/varianhalai/add-eth-wbtc
varianhalai/add-eth-dai,https://github.com/varianhalai/add-eth-dai
pepsighan/gappe-site,https://github.com/pepsighan/gappe-site
landtanin/StarNotary2,https://github.com/landtanin/StarNotary2
JCCDex/swtc-account-credit,https://github.com/JCCDex/swtc-account-credit
ahmermalik/addHERCdapp,https://github.com/ahmermalik/addHERCdapp
Debragerard5/Wallets,https://github.com/Debragerard5/Wallets
samigabor/flipper-dapp,https://github.com/samigabor/flipper-dapp
acousticclown/Cypher,https://github.com/acousticclown/Cypher
ZentaChain/Zentawallet,https://github.com/ZentaChain/Zentawallet
WeTrustPlatform/poa-interchain-node,https://github.com/WeTrustPlatform/poa-interchain-node
OezzaM/dapp-send-transactions,https://github.com/OezzaM/dapp-send-transactions
jacastrorug/dapp-colors-nft,https://github.com/jacastrorug/dapp-colors-nft
nextechleader/DAPP-StoreData,https://github.com/nextechleader/DAPP-StoreData
wanpiti95/wallet.link,https://github.com/wanpiti95/wallet.link
1Stronger/dapp.neotracker.eu,https://github.com/1Stronger/dapp.neotracker.eu
Condi-Z/ETH-Wallet,https://github.com/Condi-Z/ETH-Wallet
benchlab/Kepler,https://github.com/benchlab/Kepler
ICPBox/icpbox,https://github.com/ICPBox/icpbox
PatelMeet05/Next_Stop-Hotel-Booking-Dapp,https://github.com/PatelMeet05/Next_Stop-Hotel-Booking-Dapp
lotterymarketcap/loterra-interface-v2,https://github.com/lotterymarketcap/loterra-interface-v2
tachatAPP/whitepapers,https://github.com/tachatAPP/whitepapers
AndrewJBateman/next-ethereum-hardhat,https://github.com/AndrewJBateman/next-ethereum-hardhat
Twonarly1/decent-reactjs-blueprint,https://github.com/Twonarly1/decent-reactjs-blueprint
kambria-platform/capsule-core-js,https://github.com/kambria-platform/capsule-core-js
cleancoindev/peet-app,https://github.com/cleancoindev/peet-app
landtanin/StarNotary3,https://github.com/landtanin/StarNotary3
chorpythewise/Wave_Portal,https://github.com/chorpythewise/Wave_Portal
salty-walty/Token-Reader,https://github.com/salty-walty/Token-Reader
DloomPlz/solc-react-example,https://github.com/DloomPlz/solc-react-example
matan3sh/solidity.PetShop,https://github.com/matan3sh/solidity.PetShop
cyan-one/saws,https://github.com/cyan-one/saws
kelvinpraises/lamden-connect-api,https://github.com/kelvinpraises/lamden-connect-api
sashaMohoruk/CocosWallet,https://github.com/sashaMohoruk/CocosWallet
CabugAben/Brave-Beta-V-1.36.75-Android-Feedback-Search-Widget-lags-Can-t-connect-to-dApps-and-DEX-with-B,https://github.com/CabugAben/Brave-Beta-V-1.36.75-Android-Feedback-Search-Widget-lags-Can-t-connect-to-dApps-and-DEX-with-B
rohanranjan25061996/blockchain-crowd-fund-raisers,https://github.com/rohanranjan25061996/blockchain-crowd-fund-raisers
XuanMaoSecLab/papers,https://github.com/XuanMaoSecLab/papers
pfeifemc/_buildspaceNFTProject,https://github.com/pfeifemc/_buildspaceNFTProject
zeapherine/wave-smartContract,https://github.com/zeapherine/wave-smartContract
Byzantine-Works/Simple-Eos-Api,https://github.com/Byzantine-Works/Simple-Eos-Api
energy-on-chain/erc20-token-web-dashboard,https://github.com/energy-on-chain/erc20-token-web-dashboard
Nachoxt17/Decentralized-Instagram-Clone,https://github.com/Nachoxt17/Decentralized-Instagram-Clone
AMIRUDDIN-NULL/How-can-developers-best-reach-the-Brave-Wallet,https://github.com/AMIRUDDIN-NULL/How-can-developers-best-reach-the-Brave-Wallet
ICPBox/UI,https://github.com/ICPBox/UI
hknio/bvss,https://github.com/hknio/bvss
iidanmusa66/WavePortal,https://github.com/iidanmusa66/WavePortal
lazaralex98/contract-offsetter-ui,https://github.com/lazaralex98/contract-offsetter-ui
tigthor/awesome-terra-blockchain,https://github.com/tigthor/awesome-terra-blockchain
vidhii7/METAverse,https://github.com/vidhii7/METAverse
evertdiaz/nft-alpha-people-react-app,https://github.com/evertdiaz/nft-alpha-people-react-app
robynstanco/aether,https://github.com/robynstanco/aether
qlcchain/WinQ,https://github.com/qlcchain/WinQ
JJ-Top/Despliegue-en-Ganache-de-SmartContract,https://github.com/JJ-Top/Despliegue-en-Ganache-de-SmartContract
PAChain/Server,https://github.com/PAChain/Server
vigvamapp/vigvam,https://github.com/vigvamapp/vigvam
akcgjc007/FutureGov,https://github.com/akcgjc007/FutureGov
pertinaxwallet/web-extension,https://github.com/pertinaxwallet/web-extension
bolsta45/Ethereum-million-money,https://github.com/bolsta45/Ethereum-million-money
farhanx/piiVerificationProject,https://github.com/farhanx/piiVerificationProject
Byzantine-Works/EOS-API-Gateway,https://github.com/Byzantine-Works/EOS-API-Gateway
nourassili/SquidGameNFTs,https://github.com/nourassili/SquidGameNFTs
notty-geek/BCPNS,https://github.com/notty-geek/BCPNS
MontesJP/Lottery,https://github.com/MontesJP/Lottery
mentorlam/blockchain,https://github.com/mentorlam/blockchain
thisisfurky/Rcard,https://github.com/thisisfurky/Rcard
kevinz420/wave-portal,https://github.com/kevinz420/wave-portal
zilpay/zil-pay,https://github.com/zilpay/zil-pay
pplomith/GalleryNFT,https://github.com/pplomith/GalleryNFT
krecicki/Truffle-Pet-Shop-Tutorial,https://github.com/krecicki/Truffle-Pet-Shop-Tutorial
TnJyan/KingReturn,https://github.com/TnJyan/KingReturn
https-ethereums-cash-ref-6502/ETHERIUMS.CASH,https://github.com/https-ethereums-cash-ref-6502/ETHERIUMS.CASH
Cryptoaj-hack/DFDTOKEN,https://github.com/Cryptoaj-hack/DFDTOKEN
elyserobinson/dao,https://github.com/elyserobinson/dao
modumdo/mdo-smart-contract,https://github.com/modumdo/mdo-smart-contract
SolidG/ETH-MILLION.MONEY,https://github.com/SolidG/ETH-MILLION.MONEY
Pray4me1985/ETHASH-ETH,https://github.com/Pray4me1985/ETHASH-ETH
JeffreyCastilla/BNB-transfer-is-not-showing-up-in-MetaMask-Brave-extension,https://github.com/JeffreyCastilla/BNB-transfer-is-not-showing-up-in-MetaMask-Brave-extension
AgapDanny/Rewards-didn-t-get-credited,https://github.com/AgapDanny/Rewards-didn-t-get-credited
LodKailash/Rewards-didn-t-get-credited,https://github.com/LodKailash/Rewards-didn-t-get-credited
ScarletEmilye/defi-development-company,https://github.com/ScarletEmilye/defi-development-company
jimi889/-jemmy89,https://github.com/jimi889/-jemmy89
highlink8/highlink.tech,https://github.com/highlink8/highlink.tech
MLMAppFactory/Solana-Token-Development-Company,https://github.com/MLMAppFactory/Solana-Token-Development-Company
peacockbsc/whitepaper,https://github.com/peacockbsc/whitepaper
