buddies2705/dice,https://github.com/buddies2705/dice
ThisIsCodeXpert/CodeXpert-Tron-Dice-Game-DApp-Tutorial-Series,https://github.com/ThisIsCodeXpert/CodeXpert-Tron-Dice-Game-DApp-Tutorial-Series
sqfasd/asch-dice-game-dapp,https://github.com/sqfasd/asch-dice-game-dapp
y001j/SuperDice,https://github.com/y001j/SuperDice
jamesmorgan/ethereum-dice-oracle-example,https://github.com/jamesmorgan/ethereum-dice-oracle-example
iotexproject/roll-dice-demo-dapp,https://github.com/iotexproject/roll-dice-demo-dapp
plasmadlt/Dice-dapp-frontend,https://github.com/plasmadlt/Dice-dapp-frontend
iisaint/dice_oracle,https://github.com/iisaint/dice_oracle
TRON-DEFI/TRON-DICE,https://github.com/TRON-DEFI/TRON-DICE
gombear/DiceRollApp,https://github.com/gombear/DiceRollApp
chaseclark24/diceRoller,https://github.com/chaseclark24/diceRoller
Aveesh52/TRON-Dice-game-dapp,https://github.com/Aveesh52/TRON-Dice-game-dapp
edulanasca/dice-game,https://github.com/edulanasca/dice-game
rivermoon21/dapp-dice-game,https://github.com/rivermoon21/dapp-dice-game
shaneaben/dice-dapp,https://github.com/shaneaben/dice-dapp
potato-coin/dapp-dice,https://github.com/potato-coin/dapp-dice
vist0r/dapp_dice,https://github.com/vist0r/dapp_dice
dojinkimm/Dapp_dicegame,https://github.com/dojinkimm/Dapp_dicegame
Cruz-S13/Crap-a-Dappa,https://github.com/Cruz-S13/Crap-a-Dappa
bitfriend/heswap-dice-dapp,https://github.com/bitfriend/heswap-dice-dapp
bitfriend/heswap-dice-dapp,https://github.com/bitfriend/heswap-dice-dapp
Shriyanshidixit/Dice-Game---Blockchain-DAPP,https://github.com/Shriyanshidixit/Dice-Game---Blockchain-DAPP
mayankmusaddi/liar-dice-dapp,https://github.com/mayankmusaddi/liar-dice-dapp
crowdbotics-apps/dice-dapp-1683,https://github.com/crowdbotics-apps/dice-dapp-1683
dhipgraby/ethereum-dice-Dapp,https://github.com/dhipgraby/ethereum-dice-Dapp
tanmaysachan/dice-game-dapp,https://github.com/tanmaysachan/dice-game-dapp
sankalp0210/liars-dice-dapp,https://github.com/sankalp0210/liars-dice-dapp
borncrispy/DAndDApp,https://github.com/borncrispy/DAndDApp
RainbowWZRD/FIND-SIX-DICE-GAME,https://github.com/RainbowWZRD/FIND-SIX-DICE-GAME
lukem512/smartdice,https://github.com/lukem512/smartdice
iisaint/etherDice,https://github.com/iisaint/etherDice
Blockasino/dice-contract,https://github.com/Blockasino/dice-contract
AkashV420/Liars-dice,https://github.com/AkashV420/Liars-dice
a186r/ethereum-dice,https://github.com/a186r/ethereum-dice
acon024000/https-github.com-ThisIsCodeXpert-CodeXpert-Tron-Dice-Game-DApp-Tutorial-Series,https://github.com/acon024000/https-github.com-ThisIsCodeXpert-CodeXpert-Tron-Dice-Game-DApp-Tutorial-Series
pkdcryptos/ThisIsCodeXpert-CodeXpert-Tron-Dice-Game-DApp-Tutorial-Series,https://github.com/pkdcryptos/ThisIsCodeXpert-CodeXpert-Tron-Dice-Game-DApp-Tutorial-Series
otakamrlw/gambling_dapp,https://github.com/otakamrlw/gambling_dapp
plasmadlt/plasma-fairdice-contract,https://github.com/plasmadlt/plasma-fairdice-contract
skreos/skreos,https://github.com/skreos/skreos
amazinyeshuwanna/amazinyeshuwanna-Amazin-Yeshuwanna-Money-The-Blockchain-Powered-Economy-Education-Board-Game-System-,https://github.com/amazinyeshuwanna/amazinyeshuwanna-Amazin-Yeshuwanna-Money-The-Blockchain-Powered-Economy-Education-Board-Game-System-
