docknetwork/voting,https://github.com/docknetwork/voting
tko22/eth-voting-dapp,https://github.com/tko22/eth-voting-dapp
safeer2978/Blockchain_Based_Voting_system,https://github.com/safeer2978/Blockchain_Based_Voting_system
AndreiD/qv_voting,https://github.com/AndreiD/qv_voting
DemocracyEarth/vote,https://github.com/DemocracyEarth/vote
kun368/vote-dapp,https://github.com/kun368/vote-dapp
blockchain-council/learn-solidity,https://github.com/blockchain-council/learn-solidity
Giveth/pollmanager,https://github.com/Giveth/pollmanager
NetSepio/SmartContract,https://github.com/NetSepio/SmartContract
QVote/AlgorandQVoteContracts,https://github.com/QVote/AlgorandQVoteContracts
eos42/eos-referendum,https://github.com/eos42/eos-referendum
ShagaleevAlexey/SmartVote,https://github.com/ShagaleevAlexey/SmartVote
prateek096/OnlinePolling_Blockchain,https://github.com/prateek096/OnlinePolling_Blockchain
devpavan04/eth-vote,https://github.com/devpavan04/eth-vote
OpenLeverageDev/openleverage-contracts,https://github.com/OpenLeverageDev/openleverage-contracts
0xkdavid/liquidity-protocol-stake-delegation-contract,https://github.com/0xkdavid/liquidity-protocol-stake-delegation-contract
blockchain-council/voting-ballot,https://github.com/blockchain-council/voting-ballot
didil/quorum-secret-ballot,https://github.com/didil/quorum-secret-ballot
nuejason/voting-system,https://github.com/nuejason/voting-system
coin-worx/ethereum-voting-demo,https://github.com/coin-worx/ethereum-voting-demo
ZitRos/edu-ethereum-contract-deployment-example,https://github.com/ZitRos/edu-ethereum-contract-deployment-example
tsirysndr/EnySaTsia-Smart-Contracts,https://github.com/tsirysndr/EnySaTsia-Smart-Contracts
QVote/ZilliqaQVoteSDK,https://github.com/QVote/ZilliqaQVoteSDK
wwarodom/ballot,https://github.com/wwarodom/ballot
QVote/ZilliqaQVoteContracts,https://github.com/QVote/ZilliqaQVoteContracts
MyBlockcities/VotingSmartContract,https://github.com/MyBlockcities/VotingSmartContract
Dhiraj03/EVote,https://github.com/Dhiraj03/EVote
validitylabs/SimpleEthVote,https://github.com/validitylabs/SimpleEthVote
macelai/e-voting-eth,https://github.com/macelai/e-voting-eth
PratikSaha198/Voting101Solidity,https://github.com/PratikSaha198/Voting101Solidity
shishir99111/voting-system-blockchain,https://github.com/shishir99111/voting-system-blockchain
EthereumElders/EthereumElders-Contracts,https://github.com/EthereumElders/EthereumElders-Contracts
ahmedalaahagag/smart-contract-elections-app,https://github.com/ahmedalaahagag/smart-contract-elections-app
masaun/governorAlpha-with-proof-of-voting-NFT,https://github.com/masaun/governorAlpha-with-proof-of-voting-NFT
Ace-ezer/Voting-Dapp,https://github.com/Ace-ezer/Voting-Dapp
XredFoundation/smartcontracts,https://github.com/XredFoundation/smartcontracts
inauman/voting-smart-contract,https://github.com/inauman/voting-smart-contract
sudonitin/voting-with-smart-contracts,https://github.com/sudonitin/voting-with-smart-contracts
SkyRoW/neo-nos-voteo,https://github.com/SkyRoW/neo-nos-voteo
Aveesh52/Ethereum-Voting-App,https://github.com/Aveesh52/Ethereum-Voting-App
rajatdiptabiswas/ethereum-dapp-vote,https://github.com/rajatdiptabiswas/ethereum-dapp-vote
gnbaron/blockchain-voting,https://github.com/gnbaron/blockchain-voting
secure-vote/sv-light-smart-contracts,https://github.com/secure-vote/sv-light-smart-contracts
ESGI-Blockchain-Groupe2/Voting-SmartContract,https://github.com/ESGI-Blockchain-Groupe2/Voting-SmartContract
bitfalls/ubikvote,https://github.com/bitfalls/ubikvote
QVote/AlgorandQVoteSDK,https://github.com/QVote/AlgorandQVoteSDK
AnilRaj27/DAO-Smart-Contract,https://github.com/AnilRaj27/DAO-Smart-Contract
peerther/Smart-Contract-based-Organization,https://github.com/peerther/Smart-Contract-based-Organization
manikantanynala97/DAO-Voting-SmartContract-Solidity,https://github.com/manikantanynala97/DAO-Voting-SmartContract-Solidity
JJSrra/VotingSystem,https://github.com/JJSrra/VotingSystem
ditcraft/smartcontracts,https://github.com/ditcraft/smartcontracts
ndaangekevin/security-code-metric-collection-for-smart-contract.-E-voting-casae-study,https://github.com/ndaangekevin/security-code-metric-collection-for-smart-contract.-E-voting-casae-study
sadmanamin/VotingApp_Solidity,https://github.com/sadmanamin/VotingApp_Solidity
Cr0wTom/Ethereum-Voting,https://github.com/Cr0wTom/Ethereum-Voting
igor-nostrum/voting,https://github.com/igor-nostrum/voting
2efPer/voting,https://github.com/2efPer/voting
kayroy247/Voting,https://github.com/kayroy247/Voting
eugenechow5/voting,https://github.com/eugenechow5/voting
BlocksandBlocks/Playing-Around-with-Smart-Contracts-in-Plutus,https://github.com/BlocksandBlocks/Playing-Around-with-Smart-Contracts-in-Plutus
topealabi/Voting,https://github.com/topealabi/Voting
priyaminhas/voting,https://github.com/priyaminhas/voting
humbleself/Smart-contract,https://github.com/humbleself/Smart-contract
lucasmanuel1996/solidity-election,https://github.com/lucasmanuel1996/solidity-election
UnitedCrowd/voting-contract,https://github.com/UnitedCrowd/voting-contract
rahulct17/Ballot-_SC,https://github.com/rahulct17/Ballot-_SC
alisidaniel/Etherum-Dapp,https://github.com/alisidaniel/Etherum-Dapp
ioserikov/cc_voting,https://github.com/ioserikov/cc_voting
iustin-nita/voting-smart-contract,https://github.com/iustin-nita/voting-smart-contract
balancedwolf/IvoxisVoting,https://github.com/balancedwolf/IvoxisVoting
vicsn/turing-society-blockchain-tutorial,https://github.com/vicsn/turing-society-blockchain-tutorial
iustin-nita/voting-smart-contract,https://github.com/iustin-nita/voting-smart-contract
JSeam2/VotingSmartContract,https://github.com/JSeam2/VotingSmartContract
oleksanderkorn/nearvember-challenge-7,https://github.com/oleksanderkorn/nearvember-challenge-7
ogunbor/Voting_SC,https://github.com/ogunbor/Voting_SC
nottoobright/VotingDecentralized,https://github.com/nottoobright/VotingDecentralized
donatedTunic1290/ethereum-voting-app-demo,https://github.com/donatedTunic1290/ethereum-voting-app-demo
Miluer-tcq/Prophet,https://github.com/Miluer-tcq/Prophet
hassantauqeer/voting-dApp,https://github.com/hassantauqeer/voting-dApp
OhJia/votingWTokens,https://github.com/OhJia/votingWTokens
mexanicS/Voting,https://github.com/mexanicS/Voting
mj221/voting_smartContract,https://github.com/mj221/voting_smartContract
SamanKeighobadi/voting-contract,https://github.com/SamanKeighobadi/voting-contract
Farhan-riasat/Election-Contract,https://github.com/Farhan-riasat/Election-Contract
khazifire/VotingSys-SmartContract,https://github.com/khazifire/VotingSys-SmartContract
gargikantesaria/votingSystem-smartContract,https://github.com/gargikantesaria/votingSystem-smartContract
Amaze09/VotingSystem_SmartContract,https://github.com/Amaze09/VotingSystem_SmartContract
solidsnakedev/SmartContractTest,https://github.com/solidsnakedev/SmartContractTest
masterbid/voting_smart_contract,https://github.com/masterbid/voting_smart_contract
Omenranr/voting-smart-contract,https://github.com/Omenranr/voting-smart-contract
circle-free/bonded-vote,https://github.com/circle-free/bonded-vote
anubhav360/DEC-VOTE,https://github.com/anubhav360/DEC-VOTE
cryptonicsconsulting/signor-voting,https://github.com/cryptonicsconsulting/signor-voting
LokeshReddy17/Votingapp,https://github.com/LokeshReddy17/Votingapp
autumn84/VotingSC,https://github.com/autumn84/VotingSC
Jetsoanalin/votingDapp,https://github.com/Jetsoanalin/votingDapp
emoc29/VotingSystem,https://github.com/emoc29/VotingSystem
didil/rpm-voting-token,https://github.com/didil/rpm-voting-token
Azamous/Draftlaws-voting,https://github.com/Azamous/Draftlaws-voting
internet-john/voteDapp,https://github.com/internet-john/voteDapp
Techatach/Blockchain,https://github.com/Techatach/Blockchain
hakandrmz/Voting-App-with-Smart-Contracts,https://github.com/hakandrmz/Voting-App-with-Smart-Contracts
Intercoin/VotingContract,https://github.com/Intercoin/VotingContract
sharish13/smart_contract-Election,https://github.com/sharish13/smart_contract-Election
stashub1/Voting,https://github.com/stashub1/Voting
antoprince001/smartVoting,https://github.com/antoprince001/smartVoting
theblock-dev/Voting,https://github.com/theblock-dev/Voting
harvirhansra/Voting,https://github.com/harvirhansra/Voting
bitspossessed/culturestake-contracts,https://github.com/bitspossessed/culturestake-contracts
ArmanTunga/VotingSmartContract,https://github.com/ArmanTunga/VotingSmartContract
danielapena/voting-system,https://github.com/danielapena/voting-system
hrithikgautham/Vote-smart-contract,https://github.com/hrithikgautham/Vote-smart-contract
cooperstrahan/distributed_voting,https://github.com/cooperstrahan/distributed_voting
Diabolo-io/diabolo-vote,https://github.com/Diabolo-io/diabolo-vote
shakeib98/simpleVotingSmartContract,https://github.com/shakeib98/simpleVotingSmartContract
Blockchain-Vidhya/voting-smart-contract,https://github.com/Blockchain-Vidhya/voting-smart-contract
eric-mendoza/e-vote-smart-contract,https://github.com/eric-mendoza/e-vote-smart-contract
tagupta/voting-smart-contract,https://github.com/tagupta/voting-smart-contract
venustar1228/Election_SmartContract,https://github.com/venustar1228/Election_SmartContract
voyage11/VotingSmartContract,https://github.com/voyage11/VotingSmartContract
Gabriel01osabuede/VotingSmartContract,https://github.com/Gabriel01osabuede/VotingSmartContract
Gabriel01osabuede/VotingSmartContract,https://github.com/Gabriel01osabuede/VotingSmartContract
voyage11/VotingSmartContract,https://github.com/voyage11/VotingSmartContract
venustar1228/Election_SmartContract,https://github.com/venustar1228/Election_SmartContract
akshit0201/Ballot-smart-contract,https://github.com/akshit0201/Ballot-smart-contract
mrtzcardo/VotingSmartContract,https://github.com/mrtzcardo/VotingSmartContract
sudheer-kumar-bhavana/VotingSmartContract,https://github.com/sudheer-kumar-bhavana/VotingSmartContract
Chxpz/votingSmartContracts,https://github.com/Chxpz/votingSmartContracts
jamo95/Voting-Smart-Contract,https://github.com/jamo95/Voting-Smart-Contract
thetanmayganhotra/voting-smart-contract,https://github.com/thetanmayganhotra/voting-smart-contract
ahadullahbhutto12/VotingDApp,https://github.com/ahadullahbhutto12/VotingDApp
fioritonicolas/voting-contract,https://github.com/fioritonicolas/voting-contract
lazaralex98/voting-contract,https://github.com/lazaralex98/voting-contract
abhi47roy/votingSystem,https://github.com/abhi47roy/votingSystem
iamrameshkumar/EthereumVotingDApp,https://github.com/iamrameshkumar/EthereumVotingDApp
mtl9-engineer/sc-eth-voting,https://github.com/mtl9-engineer/sc-eth-voting
BizBons/voting_webApp,https://github.com/BizBons/voting_webApp
bliitzkrieg/etherum-voting-system,https://github.com/bliitzkrieg/etherum-voting-system
Jacevezh1/Voting-System-Solidity,https://github.com/Jacevezh1/Voting-System-Solidity
cedoor/elekton-contracts,https://github.com/cedoor/elekton-contracts
liquidvoting/liquidvoting.smartcontract,https://github.com/liquidvoting/liquidvoting.smartcontract
d-sun-d/SmartVotingEtheriumContract,https://github.com/d-sun-d/SmartVotingEtheriumContract
amir-wyvern/voting_smartContract,https://github.com/amir-wyvern/voting_smartContract
nexidsrl/iVoting-SmartContract,https://github.com/nexidsrl/iVoting-SmartContract
akhilpattipati/Voting-SmartContract,https://github.com/akhilpattipati/Voting-SmartContract
schmollgruberja/SmartContracts,https://github.com/schmollgruberja/SmartContracts
Daxxxan/SmartVotingSystemContract,https://github.com/Daxxxan/SmartVotingSystemContract
PatrickPheme/SmartContractVotingApp,https://github.com/PatrickPheme/SmartContractVotingApp
Sreeram2000/Voting-SmartContract,https://github.com/Sreeram2000/Voting-SmartContract
jvoljvolizka/CoolOnchainGovernance,https://github.com/jvoljvolizka/CoolOnchainGovernance
shreyansh26/ethereum-voting-application,https://github.com/shreyansh26/ethereum-voting-application
PhilipDro/ethereum-front-end,https://github.com/PhilipDro/ethereum-front-end
chen-zhu/Quadratic-Voting-Via-Solidity,https://github.com/chen-zhu/Quadratic-Voting-Via-Solidity
krislander/E-voting,https://github.com/krislander/E-voting
Pelcat/Voting_14,https://github.com/Pelcat/Voting_14
nerdjango/eBallot,https://github.com/nerdjango/eBallot
ankurdaharwal/PowerLedger,https://github.com/ankurdaharwal/PowerLedger
abhisharma1357/voting-dapp,https://github.com/abhisharma1357/voting-dapp
hemor/voting-dapp,https://github.com/hemor/voting-dapp
metadiego/qwestive-voting-tester,https://github.com/metadiego/qwestive-voting-tester
WillGil/BlockchainVoting,https://github.com/WillGil/BlockchainVoting
AbdAsh/E-Voting-System,https://github.com/AbdAsh/E-Voting-System
tiago-nogueira/ProxyVoting,https://github.com/tiago-nogueira/ProxyVoting
yubzee/UNBallot,https://github.com/yubzee/UNBallot
z5208980/voting-solidity,https://github.com/z5208980/voting-solidity
GenesisVision/genesis-markets-voting,https://github.com/GenesisVision/genesis-markets-voting
jujubahamas/Ethereum-Voting-Project,https://github.com/jujubahamas/Ethereum-Voting-Project
Th1nkK1D/ethelection,https://github.com/Th1nkK1D/ethelection
rohanpillai20/Ethereum-Blockhain-Secure-E-voting-Decentralised-Application,https://github.com/rohanpillai20/Ethereum-Blockhain-Secure-E-voting-Decentralised-Application
timmychien/Absentee-Voting,https://github.com/timmychien/Absentee-Voting
eundonglee/ERC223-Voting,https://github.com/eundonglee/ERC223-Voting
zendcreative/permavote-smart-contract,https://github.com/zendcreative/permavote-smart-contract
boxting/boxting-smart-contract,https://github.com/boxting/boxting-smart-contract
mdecourcy/smart-contract-voting,https://github.com/mdecourcy/smart-contract-voting
armmarov/voting_smart_contract,https://github.com/armmarov/voting_smart_contract
Sushma-Varadaiah/voting,https://github.com/Sushma-Varadaiah/voting
FredericCysique/solidity-smart-contracts,https://github.com/FredericCysique/solidity-smart-contracts
isaacadariku/voting-system-smart-contract,https://github.com/isaacadariku/voting-system-smart-contract
jspruance/campaigns-smart-contract,https://github.com/jspruance/campaigns-smart-contract
timmy-oss/voting-smart-contract,https://github.com/timmy-oss/voting-smart-contract
GarageInc/governance-bonds,https://github.com/GarageInc/governance-bonds
sekharkaredla/Smart-Contracts-Blockchain,https://github.com/sekharkaredla/Smart-Contracts-Blockchain
ArnaudBernaille/SoliditySmartContract_VotingWeighted,https://github.com/ArnaudBernaille/SoliditySmartContract_VotingWeighted
r3d-io/Voting-Smart-Contract,https://github.com/r3d-io/Voting-Smart-Contract
xovest/election-smart-contract,https://github.com/xovest/election-smart-contract
sirin-labs/voting-smart-contract,https://github.com/sirin-labs/voting-smart-contract
JayusJay/voting,https://github.com/JayusJay/voting
KuroiKuro/VoteContract,https://github.com/KuroiKuro/VoteContract
MrKampla/votr-contracts,https://github.com/MrKampla/votr-contracts
f107110126/ethereum_voting_dapp,https://github.com/f107110126/ethereum_voting_dapp
ontspace/ontology-node-vote,https://github.com/ontspace/ontology-node-vote
timmy-oss/voting-dapp-contract,https://github.com/timmy-oss/voting-dapp-contract
dragonheaven/decentralized-rating-contract,https://github.com/dragonheaven/decentralized-rating-contract
paul-mcaviney/Simple-Voting-Contract,https://github.com/paul-mcaviney/Simple-Voting-Contract
SerhatAkar/Voting-smart-contract,https://github.com/SerhatAkar/Voting-smart-contract
System-Glitch/Vote,https://github.com/System-Glitch/Vote
komus-Israel/DEVO-smart-contract,https://github.com/komus-Israel/DEVO-smart-contract
jacchevr/voting-smart-contract,https://github.com/jacchevr/voting-smart-contract
kiernangeorge/voting_smart_contract,https://github.com/kiernangeorge/voting_smart_contract
Arrendy/voting-smart-contract,https://github.com/Arrendy/voting-smart-contract
calvinjoshua/Voting-smart-contracts,https://github.com/calvinjoshua/Voting-smart-contracts
IlhemBouriel/E_voting-smart-contract,https://github.com/IlhemBouriel/E_voting-smart-contract
ryukiee23/Voting-Smart-Contract,https://github.com/ryukiee23/Voting-Smart-Contract
jatinj615/Voting_Smart_Contract,https://github.com/jatinj615/Voting_Smart_Contract
kishan75/ethereum_smart_contract_voting,https://github.com/kishan75/ethereum_smart_contract_voting
segun-flexible/voting_smart_contract,https://github.com/segun-flexible/voting_smart_contract
reuseman/voting-smart-contract,https://github.com/reuseman/voting-smart-contract
lucaskf1996/CorporateVotingSmartContract,https://github.com/lucaskf1996/CorporateVotingSmartContract
kuckiananish/Voting-Smart-Contract,https://github.com/kuckiananish/Voting-Smart-Contract
second-state/simple-voting-smart-contract,https://github.com/second-state/simple-voting-smart-contract
michaelmcclimon/Voting-Smart-Contract,https://github.com/michaelmcclimon/Voting-Smart-Contract
andresudi/Voting-Smart-Contract,https://github.com/andresudi/Voting-Smart-Contract
sedat/voting-smart-contract,https://github.com/sedat/voting-smart-contract
ThatsRajeev/Voting-Smart-Contract,https://github.com/ThatsRajeev/Voting-Smart-Contract
MidhaTahir/e-voting-smart-contract,https://github.com/MidhaTahir/e-voting-smart-contract
hdash94/Voting_Smart_Contract,https://github.com/hdash94/Voting_Smart_Contract
laronlineworld/Voting-Betting-Smart-Contract,https://github.com/laronlineworld/Voting-Betting-Smart-Contract
DanielMagro97/eVotingSmartContract,https://github.com/DanielMagro97/eVotingSmartContract
echoarmy/voting-smart-contract,https://github.com/echoarmy/voting-smart-contract
faressalhi/Smart-Contract-for-Voting,https://github.com/faressalhi/Smart-Contract-for-Voting
rugved-mahamune/voting-smart-contract-etheruem,https://github.com/rugved-mahamune/voting-smart-contract-etheruem
EnzoESSONO/smart-contract-E-voting,https://github.com/EnzoESSONO/smart-contract-E-voting
nikolicdan/Voting-with-smart-contract,https://github.com/nikolicdan/Voting-with-smart-contract
DanielMagro97/eVotingSmartContract,https://github.com/DanielMagro97/eVotingSmartContract
echoarmy/voting-smart-contract,https://github.com/echoarmy/voting-smart-contract
faressalhi/Smart-Contract-for-Voting,https://github.com/faressalhi/Smart-Contract-for-Voting
lorenzolashkiba/VotingSystem,https://github.com/lorenzolashkiba/VotingSystem
Prasanna-39/Voting_Smart-Contract_Project,https://github.com/Prasanna-39/Voting_Smart-Contract_Project
jmakwana01/Voting-Smart-Contract,https://github.com/jmakwana01/Voting-Smart-Contract
iguptashivam/Simple-Voting-Smart-Contract,https://github.com/iguptashivam/Simple-Voting-Smart-Contract
rohith14-cmd/Voting-Smart-Contract,https://github.com/rohith14-cmd/Voting-Smart-Contract
mortazesh/Smart-voting-contract,https://github.com/mortazesh/Smart-voting-contract
elducati/voting-smart-contract,https://github.com/elducati/voting-smart-contract
coderRaj07/Voting-Smart-Contract,https://github.com/coderRaj07/Voting-Smart-Contract
utevo/voting-dapp,https://github.com/utevo/voting-dapp
hdbaek/AgendaVoting,https://github.com/hdbaek/AgendaVoting
LawrenceWoronoff/VotingDeployVersion,https://github.com/LawrenceWoronoff/VotingDeployVersion
tnsogs02/SolidityVotingExample,https://github.com/tnsogs02/SolidityVotingExample
joseluisdominguez/voting-contract-dashboard,https://github.com/joseluisdominguez/voting-contract-dashboard
rrithick116/E-Voting-using-smart-contracts,https://github.com/rrithick116/E-Voting-using-smart-contracts
yashbhavsar007/Voting-by-ethereum-smart-contract,https://github.com/yashbhavsar007/Voting-by-ethereum-smart-contract
azmatkamal/voting-app-ethereum-smart-contract,https://github.com/azmatkamal/voting-app-ethereum-smart-contract
saurabh-ittisa/Voting-System-on-Smart-Contract,https://github.com/saurabh-ittisa/Voting-System-on-Smart-Contract
gsingh6122016/voting-system-using-smart-contract,https://github.com/gsingh6122016/voting-system-using-smart-contract
loftdot/Blockchain-Smart-Contract-Voting-App,https://github.com/loftdot/Blockchain-Smart-Contract-Voting-App
michael-steinert/SolidityReactVotingSmartContract,https://github.com/michael-steinert/SolidityReactVotingSmartContract
TrunWu/blockchain_topdenmark,https://github.com/TrunWu/blockchain_topdenmark
denipramulia/NgeVoting,https://github.com/denipramulia/NgeVoting
oliverwalsh7/CL-HACKATHON-HEROKU,https://github.com/oliverwalsh7/CL-HACKATHON-HEROKU
daksh2k/Blockchain_Based_Voting_system,https://github.com/daksh2k/Blockchain_Based_Voting_system
mmednik/voting-system,https://github.com/mmednik/voting-system
kakashi-hatake/SCV,https://github.com/kakashi-hatake/SCV
drLis/homo-vote,https://github.com/drLis/homo-vote
Yangfan999/Votting-Dapp,https://github.com/Yangfan999/Votting-Dapp
Lordfloyd/Vote-SC-for-Tezos,https://github.com/Lordfloyd/Vote-SC-for-Tezos
ma1vvare/Distributed-E-Voting-System-based-on-Smart-contract,https://github.com/ma1vvare/Distributed-E-Voting-System-based-on-Smart-contract
dmegbert/Voting,https://github.com/dmegbert/Voting
nadee13/voting-app,https://github.com/nadee13/voting-app
angelcatanzariti1/online-voting_blockchain,https://github.com/angelcatanzariti1/online-voting_blockchain
bgibers/voting-on-chain,https://github.com/bgibers/voting-on-chain
jerryojay/I-Elect,https://github.com/jerryojay/I-Elect
bgibers/voting-on-chain,https://github.com/bgibers/voting-on-chain
PowVT/PowDAO,https://github.com/PowVT/PowDAO
twzjwang/E-Voting,https://github.com/twzjwang/E-Voting
jerryojay/I-Elect,https://github.com/jerryojay/I-Elect
gyan0890/aeprojectVoting,https://github.com/gyan0890/aeprojectVoting
godwin2912/TRUFFLE-VOTING-DAPP,https://github.com/godwin2912/TRUFFLE-VOTING-DAPP
rstancioiu/elrond-voting,https://github.com/rstancioiu/elrond-voting
podoglyph/dappl_do_voting,https://github.com/podoglyph/dappl_do_voting
loalm/eth_voting,https://github.com/loalm/eth_voting
Slymaster/unit_tests_voting,https://github.com/Slymaster/unit_tests_voting
FreeosDAO/votemvp,https://github.com/FreeosDAO/votemvp
Harshad347/Decentralized-Voting-Management-System,https://github.com/Harshad347/Decentralized-Voting-Management-System
podoglyph/dappl_do_voting,https://github.com/podoglyph/dappl_do_voting
loalm/eth_voting,https://github.com/loalm/eth_voting
Slymaster/unit_tests_voting,https://github.com/Slymaster/unit_tests_voting
AmruthPillai/Ethereum-Voting-Blockchain,https://github.com/AmruthPillai/Ethereum-Voting-Blockchain
anish2197/Voting-dApp,https://github.com/anish2197/Voting-dApp
AntoineMarcel/spotify_discovery_web3,https://github.com/AntoineMarcel/spotify_discovery_web3
sudonims/voting-dapp,https://github.com/sudonims/voting-dapp
KLI9NYC/vote_1,https://github.com/KLI9NYC/vote_1
animeshk08/voting-ethereum,https://github.com/animeshk08/voting-ethereum
dgigafox/consensus,https://github.com/dgigafox/consensus
AmruthPillai/Ethereum-Voting-Blockchain,https://github.com/AmruthPillai/Ethereum-Voting-Blockchain
anish2197/Voting-dApp,https://github.com/anish2197/Voting-dApp
AntoineMarcel/spotify_discovery_web3,https://github.com/AntoineMarcel/spotify_discovery_web3
sudonims/voting-dapp,https://github.com/sudonims/voting-dapp
jasercion/Review_Voting,https://github.com/jasercion/Review_Voting
oliverwalsh7/SCVS-chainlink2021,https://github.com/oliverwalsh7/SCVS-chainlink2021
trapvader23/solidityBallot,https://github.com/trapvader23/solidityBallot
briankostar/ethereumVoteCLI,https://github.com/briankostar/ethereumVoteCLI
GRDN-SVS/vote-contract,https://github.com/GRDN-SVS/vote-contract
abagrov/eth-voting,https://github.com/abagrov/eth-voting
lorcannrauzduel/voting_system,https://github.com/lorcannrauzduel/voting_system
robbiejay/ethereum-smart-contract-app,https://github.com/robbiejay/ethereum-smart-contract-app
TheLazarusNetwork/NetGuardSmartContract,https://github.com/TheLazarusNetwork/NetGuardSmartContract
pavan-kaushal/blockchain-voting,https://github.com/pavan-kaushal/blockchain-voting
shreyasnbhat/decentralized-voting,https://github.com/shreyasnbhat/decentralized-voting
oleksanderkorn/near-voting-app-smart-contract-tutorial,https://github.com/oleksanderkorn/near-voting-app-smart-contract-tutorial
darubiomunoz/smartcontract-voting,https://github.com/darubiomunoz/smartcontract-voting
yippee-ki-yay/WorldOfContracts,https://github.com/yippee-ki-yay/WorldOfContracts
NeroModu/cruzHacks2021,https://github.com/NeroModu/cruzHacks2021
dmytrokohut/VotingDapp,https://github.com/dmytrokohut/VotingDapp
SpidChain/VotingSystem,https://github.com/SpidChain/VotingSystem
EugenWay/VotingApp,https://github.com/EugenWay/VotingApp
axiomatic-aardvark/Decentralized-Voting-Web-App,https://github.com/axiomatic-aardvark/Decentralized-Voting-Web-App
michael-mcmasters/Poll-Booth-Smart-Contract,https://github.com/michael-mcmasters/Poll-Booth-Smart-Contract
Praveen131299/E-Voting-Blockchain,https://github.com/Praveen131299/E-Voting-Blockchain
washboardalex/eth_voting_dapp,https://github.com/washboardalex/eth_voting_dapp
Kuly14/voting_front_end,https://github.com/Kuly14/voting_front_end
sparshanurag/DApp-Using-Smart-Contract-for-Voting-System-,https://github.com/sparshanurag/DApp-Using-Smart-Contract-for-Voting-System-
Tshivasai/E-Voting-Hyperledger-Fabric-Smart-Contract,https://github.com/Tshivasai/E-Voting-Hyperledger-Fabric-Smart-Contract
Vivek123-stack/Voting-System-via-Smart-Contract-in-Blockchain,https://github.com/Vivek123-stack/Voting-System-via-Smart-Contract-in-Blockchain
hrithikgautham/voting-smart-contract-cat-vs-dog,https://github.com/hrithikgautham/voting-smart-contract-cat-vs-dog
pratham1659/Ethereum-Voting-Smart-Contract-on-EVM-,https://github.com/pratham1659/Ethereum-Voting-Smart-Contract-on-EVM-
Rajib-Kumar/Blockchain-Based-E-voting-Using-Smart-Contract,https://github.com/Rajib-Kumar/Blockchain-Based-E-voting-Using-Smart-Contract
mal0312/SC_VotingSystem,https://github.com/mal0312/SC_VotingSystem
prithuadhikary/voter-smart-contract-demo,https://github.com/prithuadhikary/voter-smart-contract-demo
juanibe/solidity-voting-contract,https://github.com/juanibe/solidity-voting-contract
Vaishnav-Kanhirathingal/Solidity-Voting-System-Contract,https://github.com/Vaishnav-Kanhirathingal/Solidity-Voting-System-Contract
Dip11/Blockchain-Decentralized-Voting-DApp-with-Web3-SmartContract-NuxtJs,https://github.com/Dip11/Blockchain-Decentralized-Voting-DApp-with-Web3-SmartContract-NuxtJs
ByronChung/Voting-System,https://github.com/ByronChung/Voting-System
gmussi/solidity-voting,https://github.com/gmussi/solidity-voting
Adarsh-1806/Voting-App,https://github.com/Adarsh-1806/Voting-App
rickyxiaoyang/dapp-voting,https://github.com/rickyxiaoyang/dapp-voting
titan7585/Voting_App,https://github.com/titan7585/Voting_App
Slymaster/voting_dapp,https://github.com/Slymaster/voting_dapp
MosesSupposes/Voting-Ballot,https://github.com/MosesSupposes/Voting-Ballot
fstiehle/solidity-voting,https://github.com/fstiehle/solidity-voting
akshayblockchain/Ethereum-Voting,https://github.com/akshayblockchain/Ethereum-Voting
ClaudioDeMeo/eth-voting,https://github.com/ClaudioDeMeo/eth-voting
shiksb/Truffle-Voting,https://github.com/shiksb/Truffle-Voting
InfinityLoop1309/AutoIncentives-Votium,https://github.com/InfinityLoop1309/AutoIncentives-Votium
dulajkavinda/decentralized-voting,https://github.com/dulajkavinda/decentralized-voting
realdiganta/votium-bribe-automator,https://github.com/realdiganta/votium-bribe-automator
Fantom-foundation/Fantom-Voting,https://github.com/Fantom-foundation/Fantom-Voting
mintymento456/voting-dapp,https://github.com/mintymento456/voting-dapp
betosmith2000/clarity-basic-vote,https://github.com/betosmith2000/clarity-basic-vote
scamilcar/votium-bribe,https://github.com/scamilcar/votium-bribe
usamasarwar188/Blockchain-Voting-Web-DApp,https://github.com/usamasarwar188/Blockchain-Voting-Web-DApp
solanm3/Election_Contract,https://github.com/solanm3/Election_Contract
dmaulick/SmartContractPoweredKickstarter,https://github.com/dmaulick/SmartContractPoweredKickstarter
sumitsingh4411/Online-Voting-using-Blockchain,https://github.com/sumitsingh4411/Online-Voting-using-Blockchain
Sohan083/Blockchain-Enabled-E-Voting-System-Using-Smart-Contracts,https://github.com/Sohan083/Blockchain-Enabled-E-Voting-System-Using-Smart-Contracts
huanlv94/voting-dapp-truffle,https://github.com/huanlv94/voting-dapp-truffle
stephan-wittig/voting-on-ether,https://github.com/stephan-wittig/voting-on-ether
ehthind/Ethereum-voting-dapp,https://github.com/ehthind/Ethereum-voting-dapp
hjk216/CityVotingSC,https://github.com/hjk216/CityVotingSC
harvirhansra/Commit-Reveal-Voting,https://github.com/harvirhansra/Commit-Reveal-Voting
praveen-patare/blockchain-based-voting-app,https://github.com/praveen-patare/blockchain-based-voting-app
Shantanu35/E_Voting-Using-Blockchain,https://github.com/Shantanu35/E_Voting-Using-Blockchain
dumindarw/voting-app-etherium,https://github.com/dumindarw/voting-app-etherium
PhilipDro/ethereum-voting-dapp,https://github.com/PhilipDro/ethereum-voting-dapp
gyan0890/SolidityVotingAlpha,https://github.com/gyan0890/SolidityVotingAlpha
Pongch/decentralized-voting-app,https://github.com/Pongch/decentralized-voting-app
dabigjoe6/truffle-simple-voting-dapp,https://github.com/dabigjoe6/truffle-simple-voting-dapp
elijahj19/ethereum-anonymous-voting,https://github.com/elijahj19/ethereum-anonymous-voting
Gandharvdalal/Ethereum-Voting-Dapp,https://github.com/Gandharvdalal/Ethereum-Voting-Dapp
evertdiaz/dapp-voting-example,https://github.com/evertdiaz/dapp-voting-example
ArionMiles/E-Voting-dApp,https://github.com/ArionMiles/E-Voting-dApp
snannamu/E-Voting-System-Based-on-Ethereum-Blockchain-,https://github.com/snannamu/E-Voting-System-Based-on-Ethereum-Blockchain-
nerfZael/votr,https://github.com/nerfZael/votr
headline-design/algo-vote,https://github.com/headline-design/algo-vote
SRI-VISHVA/TN_ELECTION_2021,https://github.com/SRI-VISHVA/TN_ELECTION_2021
sjc5/say-gif-smart-contract,https://github.com/sjc5/say-gif-smart-contract
IgnitedMindss/BlockChain,https://github.com/IgnitedMindss/BlockChain
Jm-Correia/blockchain_code,https://github.com/Jm-Correia/blockchain_code
Yannistan/exercise-solidity-referendum,https://github.com/Yannistan/exercise-solidity-referendum
Vishwamagdavan/Fake-Proof-Voting-System-using-Blockchain-and-Aadhaar,https://github.com/Vishwamagdavan/Fake-Proof-Voting-System-using-Blockchain-and-Aadhaar
MerchDAO/xMRCH-governance,https://github.com/MerchDAO/xMRCH-governance
platocrat/sig-project-proposals,https://github.com/platocrat/sig-project-proposals
tezos-commons/homebase-lite,https://github.com/tezos-commons/homebase-lite
hasnat23/BitVote-A-Block-Chain-Voting-Application,https://github.com/hasnat23/BitVote-A-Block-Chain-Voting-Application
letbecool/T-Dev,https://github.com/letbecool/T-Dev
glauberdm/EthereumFinchainCourseVote,https://github.com/glauberdm/EthereumFinchainCourseVote
staticinstance/IPFSImageETHVoter,https://github.com/staticinstance/IPFSImageETHVoter
Gift-Stack/votely,https://github.com/Gift-Stack/votely
hridayanp/d-vote,https://github.com/hridayanp/d-vote
erwinjeffrey/Ballot-Dapp,https://github.com/erwinjeffrey/Ballot-Dapp
SPECTR3R/BlockVote-DApp,https://github.com/SPECTR3R/BlockVote-DApp
MalarenaSA/fundraiser,https://github.com/MalarenaSA/fundraiser
hridayanp/d-vote,https://github.com/hridayanp/d-vote
SPECTR3R/BlockVote-DApp,https://github.com/SPECTR3R/BlockVote-DApp
erwinjeffrey/Ballot-Dapp,https://github.com/erwinjeffrey/Ballot-Dapp
charafzellou/tezos-pascaligo-vote,https://github.com/charafzellou/tezos-pascaligo-vote
harrrshall/Decentralised-Crowdfunding-Smart-contract,https://github.com/harrrshall/Decentralised-Crowdfunding-Smart-contract
fvilca/Blockchain,https://github.com/fvilca/Blockchain
coreai/CuriosityCore,https://github.com/coreai/CuriosityCore
axaysingh/solidity-voting,https://github.com/axaysingh/solidity-voting
finnjones/Blockchain-Voting,https://github.com/finnjones/Blockchain-Voting
TavcarRyan/voting-dapp,https://github.com/TavcarRyan/voting-dapp
matrixgalaxy/Secura-A-blockchain-Powered-Voting-App,https://github.com/matrixgalaxy/Secura-A-blockchain-Powered-Voting-App
kobiazz/Elections--Block-Chain-Smart-Contract,https://github.com/kobiazz/Elections--Block-Chain-Smart-Contract
PallaviN26/Decentralization-of-E-voting-systems-based-on-Smart-Contract-and-Blind-Signature-using-Blockchain-Te,https://github.com/PallaviN26/Decentralization-of-E-voting-systems-based-on-Smart-Contract-and-Blind-Signature-using-Blockchain-Te
Generic35/Blockchain-Election-Smart-Contract,https://github.com/Generic35/Blockchain-Election-Smart-Contract
anay07/Voting-Using-Blockchain,https://github.com/anay07/Voting-Using-Blockchain
MuhammadMesum514/Blockchain-Application-Voting-System,https://github.com/MuhammadMesum514/Blockchain-Application-Voting-System
poonam125sharma/voting,https://github.com/poonam125sharma/voting
celtiberian/blockchain-voting-system,https://github.com/celtiberian/blockchain-voting-system
soumalya340/Evoting_contract,https://github.com/soumalya340/Evoting_contract
andreibudoi/react-eth-commit-reveal-voting,https://github.com/andreibudoi/react-eth-commit-reveal-voting
thinksmart-arch/security-code-metric-collection-for-smart-contract.-E-voting-casae-study,https://github.com/thinksmart-arch/security-code-metric-collection-for-smart-contract.-E-voting-casae-study
AnjaliSharma1234/DeVote---A-Decentralised-Voting-System-,https://github.com/AnjaliSharma1234/DeVote---A-Decentralised-Voting-System-
bliss-sid/Decentralized-voting,https://github.com/bliss-sid/Decentralized-voting
akshay575/e-voting,https://github.com/akshay575/e-voting
corleone0007/Voting-DApp,https://github.com/corleone0007/Voting-DApp
hearnjohn/Voting-DApp,https://github.com/hearnjohn/Voting-DApp
masaun/xuni-governance,https://github.com/masaun/xuni-governance
rajshrestha86/VFC_API,https://github.com/rajshrestha86/VFC_API
BriantOliveira/Arcethtech-Frontend,https://github.com/BriantOliveira/Arcethtech-Frontend
adamstallard/coinsensus,https://github.com/adamstallard/coinsensus
minority4u/blockchain-ethereum-app,https://github.com/minority4u/blockchain-ethereum-app
BriantOliveira/Arcethtech-JS,https://github.com/BriantOliveira/Arcethtech-JS
VagnerBellacosa/067_DesenvolvendoSistemaVotacaoBlockchainEthereumSmartContracts,https://github.com/VagnerBellacosa/067_DesenvolvendoSistemaVotacaoBlockchainEthereumSmartContracts
Nicolascoding27/democracy-Solidity,https://github.com/Nicolascoding27/democracy-Solidity
secure-vote/sv-api,https://github.com/secure-vote/sv-api
cleancoindev/founders-vault,https://github.com/cleancoindev/founders-vault
BriantOliveira/Arcethtech-Frontend-test,https://github.com/BriantOliveira/Arcethtech-Frontend-test
Motanovici/republic-of-trust,https://github.com/Motanovici/republic-of-trust
matmertz25/election-ethereum-dapp,https://github.com/matmertz25/election-ethereum-dapp
mayur1064/Decentralized-Voting-System,https://github.com/mayur1064/Decentralized-Voting-System
dhruvi-shah999/Online-Voting-System,https://github.com/dhruvi-shah999/Online-Voting-System
MeiChihChang/E-voting-by-Solidity,https://github.com/MeiChihChang/E-voting-by-Solidity
mksanjeewa86/DAO-Voting-System,https://github.com/mksanjeewa86/DAO-Voting-System
ehounder/PVOXRPL,https://github.com/ehounder/PVOXRPL
enm4x/Tezos-vote-ligolang,https://github.com/enm4x/Tezos-vote-ligolang
rickhysis/vote-coffe-near,https://github.com/rickhysis/vote-coffe-near
MajdGhazaleh/Ethereum-Project,https://github.com/MajdGhazaleh/Ethereum-Project
theteloscope/trailcomment,https://github.com/theteloscope/trailcomment
realdiganta/crv-bribe-automator,https://github.com/realdiganta/crv-bribe-automator
TalentDev00/LogoVote2017,https://github.com/TalentDev00/LogoVote2017
Cleta-LLC/nft-dao,https://github.com/Cleta-LLC/nft-dao
scamilcar/crv-bribe,https://github.com/scamilcar/crv-bribe
reflexer-labs/auto-crv-gauge-incentive,https://github.com/reflexer-labs/auto-crv-gauge-incentive
InfinityLoop1309/AutoIncentives,https://github.com/InfinityLoop1309/AutoIncentives
d-nagy/secretballot,https://github.com/d-nagy/secretballot
jayy-lmao/food-pol,https://github.com/jayy-lmao/food-pol
mustfeez/election,https://github.com/mustfeez/election
akanksha4715/VotingDapp,https://github.com/akanksha4715/VotingDapp
0xTDF/Petition-dApp,https://github.com/0xTDF/Petition-dApp
Arch0125/dcent_voting,https://github.com/Arch0125/dcent_voting
matisidler/solidity_voting,https://github.com/matisidler/solidity_voting
RCantu92/decentralized_crowdfunding,https://github.com/RCantu92/decentralized_crowdfunding
cedoor/elekton.js,https://github.com/cedoor/elekton.js
PeterGemmell/Blockchain_voting_app,https://github.com/PeterGemmell/Blockchain_voting_app
Sauravskv07/Block-chain-based-Voting-System,https://github.com/Sauravskv07/Block-chain-based-Voting-System
Rwbrandt/Blockchain_Ballots,https://github.com/Rwbrandt/Blockchain_Ballots
kyledewy/MerkleVote,https://github.com/kyledewy/MerkleVote
bassjobsen/asch-mini-dao,https://github.com/bassjobsen/asch-mini-dao
pramodaCA123/Decentralized-Event-funding-using-blockchain,https://github.com/pramodaCA123/Decentralized-Event-funding-using-blockchain
JeremyOsz/SolidityPractise,https://github.com/JeremyOsz/SolidityPractise
sebin7tony/Election-Ethereum-Dapp,https://github.com/sebin7tony/Election-Ethereum-Dapp
Eberewill/digitVotes,https://github.com/Eberewill/digitVotes
loveliiivelaugh/react-election-dapp,https://github.com/loveliiivelaugh/react-election-dapp
AliRaza954/Blockchain-Vote-casting-V1,https://github.com/AliRaza954/Blockchain-Vote-casting-V1
komus-Israel/DEVO-react-app,https://github.com/komus-Israel/DEVO-react-app
Nnamdichukwu/startup_pitch_dapp,https://github.com/Nnamdichukwu/startup_pitch_dapp
AliRaza954/Blockchain-VoteCasting,https://github.com/AliRaza954/Blockchain-VoteCasting
rajat-07/voting-dapp,https://github.com/rajat-07/voting-dapp
ehsomma/mydao,https://github.com/ehsomma/mydao
itsSauravK/Election-Voting-Blockchain,https://github.com/itsSauravK/Election-Voting-Blockchain
crimsoftit/duaraVotingDapp,https://github.com/crimsoftit/duaraVotingDapp
SensusNetwork/SensusNetworkToken,https://github.com/SensusNetwork/SensusNetworkToken
deeppatne/Blockchain-Voting-System,https://github.com/deeppatne/Blockchain-Voting-System
Javed69/Ethereum-Voting-Dapp,https://github.com/Javed69/Ethereum-Voting-Dapp
like-foundation/like-search-contract,https://github.com/like-foundation/like-search-contract
samc621/Crowdfunding,https://github.com/samc621/Crowdfunding
bank8426/nodejs-solidity-eth-web3-hello,https://github.com/bank8426/nodejs-solidity-eth-web3-hello
akshatdoshi/Blockchain-Based-Voting-System,https://github.com/akshatdoshi/Blockchain-Based-Voting-System
fmanir/Kickstarter-Example,https://github.com/fmanir/Kickstarter-Example
Ncortesa/StartupFunding,https://github.com/Ncortesa/StartupFunding
sjc5/say-gif-react-app,https://github.com/sjc5/say-gif-react-app
sadministrator/EthStarter,https://github.com/sadministrator/EthStarter
nikhammerellis/ethereum-blockchain-kickstarter,https://github.com/nikhammerellis/ethereum-blockchain-kickstarter
Salsabeelkhan/CrowdFunding,https://github.com/Salsabeelkhan/CrowdFunding
taksh-doria/VotersPortal,https://github.com/taksh-doria/VotersPortal
abrar312/Election_DApp,https://github.com/abrar312/Election_DApp
Sharma-Hrishabh/TLR_Hack,https://github.com/Sharma-Hrishabh/TLR_Hack
Pushpit07/DeVote,https://github.com/Pushpit07/DeVote
EgonGalvani/FakeBusters,https://github.com/EgonGalvani/FakeBusters
stntsai/CrowdCoins,https://github.com/stntsai/CrowdCoins
Aboudjem/catalyst,https://github.com/Aboudjem/catalyst
venom33cm/ELECTION-VOTE-DAPP,https://github.com/venom33cm/ELECTION-VOTE-DAPP
Piyushrai558/voting-via-blockchain,https://github.com/Piyushrai558/voting-via-blockchain
saikalyankadali/Implementation-Of-Decentralized-Trustless-Voting-On-The-Ethereum-Blockchain,https://github.com/saikalyankadali/Implementation-Of-Decentralized-Trustless-Voting-On-The-Ethereum-Blockchain
HarshJoshi123/ElVote,https://github.com/HarshJoshi123/ElVote
johnsonAyo/etherDapp,https://github.com/johnsonAyo/etherDapp
smoke-trees/CESS,https://github.com/smoke-trees/CESS
vianathania09/Via-Nathania,https://github.com/vianathania09/Via-Nathania
harshthakur066/FundFront,https://github.com/harshthakur066/FundFront
contactjulientran/defi1,https://github.com/contactjulientran/defi1
samgabrielbb/criptothalathalapathy,https://github.com/samgabrielbb/criptothalathalapathy
CryptoSpotsApp/-CRYPTOSPOTS-TOKEN-SPOT-,https://github.com/CryptoSpotsApp/-CRYPTOSPOTS-TOKEN-SPOT-
timothyjacque/kickstart,https://github.com/timothyjacque/kickstart
