SmartBillions/SmartBillions,https://github.com/SmartBillions/SmartBillions
jacksonng77/Lottery,https://github.com/jacksonng77/Lottery
Gameper/lottery-smart-contract,https://github.com/Gameper/lottery-smart-contract
ashisherc/advanced-solidity-lottery-application,https://github.com/ashisherc/advanced-solidity-lottery-application
frefrik/pancakeswap-lottery,https://github.com/frefrik/pancakeswap-lottery
CrazybutSolid/ethereum-lottery,https://github.com/CrazybutSolid/ethereum-lottery
senacor/SmartContractSlackDapp,https://github.com/senacor/SmartContractSlackDapp
ppoply/Lottery-smart-contract,https://github.com/ppoply/Lottery-smart-contract
ethex-bet/ethex-contracts,https://github.com/ethex-bet/ethex-contracts
mds1/lottery-dapp-template,https://github.com/mds1/lottery-dapp-template
agelospanagiotakis/lottery100,https://github.com/agelospanagiotakis/lottery100
IkehAkinyemi/lottery-smart-contract,https://github.com/IkehAkinyemi/lottery-smart-contract
ethanfrey/smart-contract-lottery,https://github.com/ethanfrey/smart-contract-lottery
trentlotteryteam/trentLotteryContract,https://github.com/trentlotteryteam/trentLotteryContract
enterk0d3/lottery-web,https://github.com/enterk0d3/lottery-web
maximo/lottery,https://github.com/maximo/lottery
RFV/Token-Lottery,https://github.com/RFV/Token-Lottery
TopFullStackDeveloper/1_lottery_smart_contract_bsc,https://github.com/TopFullStackDeveloper/1_lottery_smart_contract_bsc
inovizz/lottery-smart-contract,https://github.com/inovizz/lottery-smart-contract
madhavtripathi05/dapp-lottery,https://github.com/madhavtripathi05/dapp-lottery
bhargavaparoksham/generative-nft-contract,https://github.com/bhargavaparoksham/generative-nft-contract
cipherzzz/school_lottery,https://github.com/cipherzzz/school_lottery
ashwinYardi/ethereum-lottery-smart-contract,https://github.com/ashwinYardi/ethereum-lottery-smart-contract
znxkznxk1030/cryptogambler,https://github.com/znxkznxk1030/cryptogambler
rastringer/ethereum-lottery,https://github.com/rastringer/ethereum-lottery
kenlindgren93/LotterySmartContract,https://github.com/kenlindgren93/LotterySmartContract
davidmoradi/ethereum-lottery-smart-contract,https://github.com/davidmoradi/ethereum-lottery-smart-contract
cranklin/crankys-lottery,https://github.com/cranklin/crankys-lottery
DappsLab/DappsLab-SmartContracts,https://github.com/DappsLab/DappsLab-SmartContracts
bellsovery/lottery-contract,https://github.com/bellsovery/lottery-contract
eHonnef/lottery-smart-contract,https://github.com/eHonnef/lottery-smart-contract
eun2ce/lottery-contract,https://github.com/eun2ce/lottery-contract
br1code/lottery-smart-contract,https://github.com/br1code/lottery-smart-contract
ankitsangwan1999/Lottery-on-Ethereum,https://github.com/ankitsangwan1999/Lottery-on-Ethereum
gombear/Lottery-smart-contract,https://github.com/gombear/Lottery-smart-contract
karthikeya-kotegar/Lottery-Dapp,https://github.com/karthikeya-kotegar/Lottery-Dapp
hubiinetwork/lottery-oracle-contracts,https://github.com/hubiinetwork/lottery-oracle-contracts
kiraAdi/Blockchain-based-Smart-Contract-Digitized-Lottery-Scheme-,https://github.com/kiraAdi/Blockchain-based-Smart-Contract-Digitized-Lottery-Scheme-
jacobbinnie/smartContractLottery,https://github.com/jacobbinnie/smartContractLottery
JorgeCoke/celo-blockchain-lottery,https://github.com/JorgeCoke/celo-blockchain-lottery
cchencool/LuckyYou,https://github.com/cchencool/LuckyYou
merlox/hydro-lottery,https://github.com/merlox/hydro-lottery
lab10-coop/EduLottery,https://github.com/lab10-coop/EduLottery
liwentao1118/Smart-contract-lottery,https://github.com/liwentao1118/Smart-contract-lottery
kowsikgelli/Lottery-BSC,https://github.com/kowsikgelli/Lottery-BSC
malnemark/ardor-jackpot,https://github.com/malnemark/ardor-jackpot
amalcaraz/nuls-lottery-smartcontract,https://github.com/amalcaraz/nuls-lottery-smartcontract
anthonygregis/LotteryContract,https://github.com/anthonygregis/LotteryContract
nesaplay/Lottery-Solidity-React,https://github.com/nesaplay/Lottery-Solidity-React
br1code/lottery-ethereum,https://github.com/br1code/lottery-ethereum
webcat12345/learn-contract-lottery,https://github.com/webcat12345/learn-contract-lottery
MehdizadeMilad/lottery_smartContract,https://github.com/MehdizadeMilad/lottery_smartContract
harshita808/smart-contracts,https://github.com/harshita808/smart-contracts
amalcaraz/nuls-smart-lottery-dapp,https://github.com/amalcaraz/nuls-smart-lottery-dapp
homerchen19/simple-lottery-smart-contract,https://github.com/homerchen19/simple-lottery-smart-contract
Dziubutkus/lottery-smart-contract,https://github.com/Dziubutkus/lottery-smart-contract
ppoply/Lottery-smart-contract-D_app,https://github.com/ppoply/Lottery-smart-contract-D_app
awaisgt/Lottery_Contract,https://github.com/awaisgt/Lottery_Contract
Abdeluswho/Ethereum-SmartContract,https://github.com/Abdeluswho/Ethereum-SmartContract
letterj/eth-lottery,https://github.com/letterj/eth-lottery
jakubko97/lottery,https://github.com/jakubko97/lottery
whereverest/Lottery_SmartContract,https://github.com/whereverest/Lottery_SmartContract
MatthewTang/SmartContract-lottery,https://github.com/MatthewTang/SmartContract-lottery
NymfoCunts/SmartContract-Lottery,https://github.com/NymfoCunts/SmartContract-Lottery
alexsnarli/lotteryContract,https://github.com/alexsnarli/lotteryContract
githubpps/Lottery-smart-contract,https://github.com/githubpps/Lottery-smart-contract
anuragvishwa/LotteryContract,https://github.com/anuragvishwa/LotteryContract
hyeok230/LotteryDapp,https://github.com/hyeok230/LotteryDapp
almurillo/SmartcontractLottery,https://github.com/almurillo/SmartcontractLottery
schumergrubermax/SmartLottery,https://github.com/schumergrubermax/SmartLottery
alexsnarli/smartContractLottery,https://github.com/alexsnarli/smartContractLottery
davidchen003/SmartContract_Lottery,https://github.com/davidchen003/SmartContract_Lottery
SaifDeveloper/Lottery,https://github.com/SaifDeveloper/Lottery
jbequ5/Lottery,https://github.com/jbequ5/Lottery
VikasKambleWJ/LotteryContract,https://github.com/VikasKambleWJ/LotteryContract
Angel2298/SmartContractLottery_Angel,https://github.com/Angel2298/SmartContractLottery_Angel
grossiwm/LotterySmartContract,https://github.com/grossiwm/LotterySmartContract
KdkIshwor/Lottery,https://github.com/KdkIshwor/Lottery
mchinaloy/lottery,https://github.com/mchinaloy/lottery
akshaygugale1/Lottery,https://github.com/akshaygugale1/Lottery
shuanghaoli/Lottery,https://github.com/shuanghaoli/Lottery
salmanbao/lottery,https://github.com/salmanbao/lottery
deserwantus/lottery,https://github.com/deserwantus/lottery
rotdogcrypto/lottery,https://github.com/rotdogcrypto/lottery
avkkiran/lottery,https://github.com/avkkiran/lottery
Pelcat/Lottery,https://github.com/Pelcat/Lottery
L-F-Escobar/Lottery,https://github.com/L-F-Escobar/Lottery
Brar-Paul/Smart-Contract-Lottery,https://github.com/Brar-Paul/Smart-Contract-Lottery
andborges/mega,https://github.com/andborges/mega
ethereumlottery-io/smart-contract,https://github.com/ethereumlottery-io/smart-contract
jjallin/lottery-contract,https://github.com/jjallin/lottery-contract
githubmilind/lottery,https://github.com/githubmilind/lottery
kevinghim/lottery,https://github.com/kevinghim/lottery
samyukthagopalsamy/LotterySmartContract,https://github.com/samyukthagopalsamy/LotterySmartContract
amitnil-developer/Smart-Contract-Lottery-Brownie,https://github.com/amitnil-developer/Smart-Contract-Lottery-Brownie
super0326/lottery-contract,https://github.com/super0326/lottery-contract
tone2k/Lotto,https://github.com/tone2k/Lotto
shivam07/lottery-blockchain,https://github.com/shivam07/lottery-blockchain
itsmaaroufwork/smartcontract-lottery,https://github.com/itsmaaroufwork/smartcontract-lottery
Gabbogga/GexanLottery,https://github.com/Gabbogga/GexanLottery
cmembreno2/lottery-ethereum-solidity-contract,https://github.com/cmembreno2/lottery-ethereum-solidity-contract
zyakdi/lottery-updated,https://github.com/zyakdi/lottery-updated
masudrehman/Smart_Lottery,https://github.com/masudrehman/Smart_Lottery
codemineral/Solidity-Lottery-Smart-Contract,https://github.com/codemineral/Solidity-Lottery-Smart-Contract
saurabh-mish/neolotto,https://github.com/saurabh-mish/neolotto
manulafu/smartcontract-lottery,https://github.com/manulafu/smartcontract-lottery
Lastferbbs/SMARTCONTRACT-LOTTERY,https://github.com/Lastferbbs/SMARTCONTRACT-LOTTERY
JerryXY/smart-contract-lottery,https://github.com/JerryXY/smart-contract-lottery
tifa64/EthereumLottery,https://github.com/tifa64/EthereumLottery
goldzulu/solidity_lottery,https://github.com/goldzulu/solidity_lottery
Nero2005/brownie_lottery,https://github.com/Nero2005/brownie_lottery
Hyocine/smartcontract-lottery,https://github.com/Hyocine/smartcontract-lottery
pwx603/lottoSol,https://github.com/pwx603/lottoSol
jarrodmedrano/ethereum-lottery,https://github.com/jarrodmedrano/ethereum-lottery
omaralqady/smartcontract-lottery,https://github.com/omaralqady/smartcontract-lottery
petrejonn/smartcontract-lottery,https://github.com/petrejonn/smartcontract-lottery
MrRobot2001/Lottery-Solidity-,https://github.com/MrRobot2001/Lottery-Solidity-
dcmalk/eth-lottery,https://github.com/dcmalk/eth-lottery
PeanutArbuckle0/peanutlottery,https://github.com/PeanutArbuckle0/peanutlottery
nshah-waripari/smart_contract_lottery,https://github.com/nshah-waripari/smart_contract_lottery
dcmalk/eth-lottery,https://github.com/dcmalk/eth-lottery
nshah-waripari/smart_contract_lottery,https://github.com/nshah-waripari/smart_contract_lottery
inputmax/sc_lottery,https://github.com/inputmax/sc_lottery
jarrodmedrano/ethereum-lottery,https://github.com/jarrodmedrano/ethereum-lottery
pwx603/lottoSol,https://github.com/pwx603/lottoSol
petrejonn/smartcontract-lottery,https://github.com/petrejonn/smartcontract-lottery
omaralqady/smartcontract-lottery,https://github.com/omaralqady/smartcontract-lottery
devincapriola/The-Lottery-Smart-Contract,https://github.com/devincapriola/The-Lottery-Smart-Contract
fontaipi/brownie_lottery,https://github.com/fontaipi/brownie_lottery
robbestad/lottery-ethereum,https://github.com/robbestad/lottery-ethereum
LanreAkintayo/lottery-smartcontract,https://github.com/LanreAkintayo/lottery-smartcontract
AiFreeWay/ChickBoom,https://github.com/AiFreeWay/ChickBoom
CassJohns/PickaWinner,https://github.com/CassJohns/PickaWinner
tlacloc/lotto-lottery,https://github.com/tlacloc/lotto-lottery
ndtr2000/Lottery-Dapp,https://github.com/ndtr2000/Lottery-Dapp
Cryptoro56/sc-lottery,https://github.com/Cryptoro56/sc-lottery
ebisong/eth-lottery,https://github.com/ebisong/eth-lottery
ikacir/lottery-solidity-react,https://github.com/ikacir/lottery-solidity-react
SalvatoreLampitelli/smartcontract-lottery,https://github.com/SalvatoreLampitelli/smartcontract-lottery
MatanYemini/lottery-smart-contract,https://github.com/MatanYemini/lottery-smart-contract
btahir/Lottery_Smart_Contract,https://github.com/btahir/Lottery_Smart_Contract
kartiks2000/Lottery-smart-contracts,https://github.com/kartiks2000/Lottery-smart-contracts
speedball82/smartcontract-lottery,https://github.com/speedball82/smartcontract-lottery
Chhe-chinyong/Lottery-Smart-Contract,https://github.com/Chhe-chinyong/Lottery-Smart-Contract
AsolidityDev/Solidity-Lottery,https://github.com/AsolidityDev/Solidity-Lottery
yuichiroaoki/kuji,https://github.com/yuichiroaoki/kuji
John-Dembaremba/smartContract-LotteryGame,https://github.com/John-Dembaremba/smartContract-LotteryGame
varandrew/tiger-lottery,https://github.com/varandrew/tiger-lottery
frederickalcantara/eth-lottery,https://github.com/frederickalcantara/eth-lottery
tjlangan/smartcontract-lottery,https://github.com/tjlangan/smartcontract-lottery
RajeshNandamuri1234/LotterySmartContract,https://github.com/RajeshNandamuri1234/LotterySmartContract
dz0nda/LotteryContract,https://github.com/dz0nda/LotteryContract
AntonStrickland/LotteryContract,https://github.com/AntonStrickland/LotteryContract
ptn77/SmartContract-Lottery,https://github.com/ptn77/SmartContract-Lottery
LaSkilzs/Lottery-Smart-Contract,https://github.com/LaSkilzs/Lottery-Smart-Contract
Effanuel/Solidity-Smart-Contracts,https://github.com/Effanuel/Solidity-Smart-Contracts
sdardew/lottery-smart-contract,https://github.com/sdardew/lottery-smart-contract
nishkumar007/smartcontract007,https://github.com/nishkumar007/smartcontract007
JChandraKiran/Lottery,https://github.com/JChandraKiran/Lottery
kon172verma/Smart-Contracts,https://github.com/kon172verma/Smart-Contracts
SamanKeighobadi/Lottery,https://github.com/SamanKeighobadi/Lottery
hmtrigueiros/lottery,https://github.com/hmtrigueiros/lottery
K1-R1/SmartContractLottery,https://github.com/K1-R1/SmartContractLottery
DanteAmaral/SmartContract-lottery,https://github.com/DanteAmaral/SmartContract-lottery
visith1577/lottery_smartContract,https://github.com/visith1577/lottery_smartContract
abakam/lottery-contract,https://github.com/abakam/lottery-contract
ray11furtado/lottery-contract,https://github.com/ray11furtado/lottery-contract
harshaasnani18/lottery_contract,https://github.com/harshaasnani18/lottery_contract
Howl1935/LotteryContract,https://github.com/Howl1935/LotteryContract
AlexDiru/lottery-contract,https://github.com/AlexDiru/lottery-contract
komalprajapati/smart_contract,https://github.com/komalprajapati/smart_contract
TheDecepTicon30/Lottery-Ethereum,https://github.com/TheDecepTicon30/Lottery-Ethereum
danielrees-eth/LotteryContract,https://github.com/danielrees-eth/LotteryContract
Dimple78/LotterySmartContractDC,https://github.com/Dimple78/LotterySmartContractDC
mattlanham/crypto-lottery,https://github.com/mattlanham/crypto-lottery
gregdhill/smart-lottery,https://github.com/gregdhill/smart-lottery
rmpasha/LotterySmartContract,https://github.com/rmpasha/LotterySmartContract
sahinhakan/eth-lottery,https://github.com/sahinhakan/eth-lottery
devcharlie/LotterySmartContract,https://github.com/devcharlie/LotterySmartContract
BitstarsTeam/LotterySmartContract,https://github.com/BitstarsTeam/LotterySmartContract
star-56/LotterySmartContract,https://github.com/star-56/LotterySmartContract
shkramer1/LotterySmartContract,https://github.com/shkramer1/LotterySmartContract
shubham-kukreja/LotterySmartContract,https://github.com/shubham-kukreja/LotterySmartContract
leanuema/LotterySmartContract,https://github.com/leanuema/LotterySmartContract
Carlosdpd/LotterySmartContract,https://github.com/Carlosdpd/LotterySmartContract
gargikantesaria/lotterySmartContract-solidity,https://github.com/gargikantesaria/lotterySmartContract-solidity
ithihas-Y/LotterySmartContract,https://github.com/ithihas-Y/LotterySmartContract
johangace/LotterySmartContract,https://github.com/johangace/LotterySmartContract
divinenaman/eth-lottery,https://github.com/divinenaman/eth-lottery
vineettyagi28/LotterySmartContract,https://github.com/vineettyagi28/LotterySmartContract
vineettyagi28/LotterySmartContract,https://github.com/vineettyagi28/LotterySmartContract
AnjaniRaj/LotterySmartContracts,https://github.com/AnjaniRaj/LotterySmartContracts
MateusLPG/lotterySmartContract,https://github.com/MateusLPG/lotterySmartContract
shubham-kukreja/LotterySmartContract,https://github.com/shubham-kukreja/LotterySmartContract
leanuema/LotterySmartContract,https://github.com/leanuema/LotterySmartContract
bkmehta93/LotterySmartContract,https://github.com/bkmehta93/LotterySmartContract
johangace/lotterySmartContractFrontend,https://github.com/johangace/lotterySmartContractFrontend
gavincapriola/LotterySmartContract,https://github.com/gavincapriola/LotterySmartContract
onso19/LotterySmartContract,https://github.com/onso19/LotterySmartContract
rtpa25/lotterySmartContract,https://github.com/rtpa25/lotterySmartContract
dasom222g/lottery-smart-contract,https://github.com/dasom222g/lottery-smart-contract
FilipLaurentiu/lotterySmartContract,https://github.com/FilipLaurentiu/lotterySmartContract
freyavs/LotterySmartContract,https://github.com/freyavs/LotterySmartContract
ProfesorReis/LotterySmartContract,https://github.com/ProfesorReis/LotterySmartContract
DylanOwens-Dev/LotterySmartContract,https://github.com/DylanOwens-Dev/LotterySmartContract
SaitTalhaNisanci/lotterySmartContract,https://github.com/SaitTalhaNisanci/lotterySmartContract
Simian100/brownie_lottery,https://github.com/Simian100/brownie_lottery
himalay123456/LotterySmartContract,https://github.com/himalay123456/LotterySmartContract
vermashanti/Decentralize-Lottery,https://github.com/vermashanti/Decentralize-Lottery
nandufatak/lotterycon,https://github.com/nandufatak/lotterycon
caleboutlex/LeveragedYield-CONTRACTS,https://github.com/caleboutlex/LeveragedYield-CONTRACTS
masterbid/lottery_smart_contract,https://github.com/masterbid/lottery_smart_contract
JasVavdiya/Lottery-Smart-Contract,https://github.com/JasVavdiya/Lottery-Smart-Contract
ikhide/lottery_smart_contract,https://github.com/ikhide/lottery_smart_contract
michalsroka/lottery-smart-contract,https://github.com/michalsroka/lottery-smart-contract
Yummy-Capital/y-lottery-contracts,https://github.com/Yummy-Capital/y-lottery-contracts
Tayarthouail/Lottery_smart_contract,https://github.com/Tayarthouail/Lottery_smart_contract
joeljohn27/smart-contract-lottery,https://github.com/joeljohn27/smart-contract-lottery
paulchain/vietlot,https://github.com/paulchain/vietlot
shelinals/lottery_app,https://github.com/shelinals/lottery_app
Priyamishra18/lotterycontract,https://github.com/Priyamishra18/lotterycontract
lontharn/smart-contract-lottery,https://github.com/lontharn/smart-contract-lottery
dohyungp/lottery-smart-contract,https://github.com/dohyungp/lottery-smart-contract
jysohn/smartcontract-lottery,https://github.com/jysohn/smartcontract-lottery
blockchainnn/eth-lottery,https://github.com/blockchainnn/eth-lottery
manthankhopkar/simple-lottery,https://github.com/manthankhopkar/simple-lottery
stefangui/demos,https://github.com/stefangui/demos
lixelsoft/dapp-lottery,https://github.com/lixelsoft/dapp-lottery
etsea117/smartcontract-lottery,https://github.com/etsea117/smartcontract-lottery
aalberti333/ethereum-lottery-react-app,https://github.com/aalberti333/ethereum-lottery-react-app
mstolin/EthereumLottery,https://github.com/mstolin/EthereumLottery
spreadzp/JPLottery,https://github.com/spreadzp/JPLottery
TruptiSonkusare/simple-Lottery,https://github.com/TruptiSonkusare/simple-Lottery
divyarajsinh169/lottery-smartcontract,https://github.com/divyarajsinh169/lottery-smartcontract
Rohansjamadagni/smart-lottery,https://github.com/Rohansjamadagni/smart-lottery
shunsukew/smart-lottery,https://github.com/shunsukew/smart-lottery
AbolfazlPanahiazar/solottery,https://github.com/AbolfazlPanahiazar/solottery
mauri870/lottery-sol,https://github.com/mauri870/lottery-sol
geethubala/LotteryDApp,https://github.com/geethubala/LotteryDApp
geoscientist/lottery-smartContract,https://github.com/geoscientist/lottery-smartContract
avkkiran/lottery-react,https://github.com/avkkiran/lottery-react
DimitarGP/SmartContract-Lottery-project,https://github.com/DimitarGP/SmartContract-Lottery-project
Lu1z-Gust4v0/Dapp-Lottery,https://github.com/Lu1z-Gust4v0/Dapp-Lottery
qmilangowin/Lottery-SmartContract,https://github.com/qmilangowin/Lottery-SmartContract
palsp/lottery_contract,https://github.com/palsp/lottery_contract
CameronLenartowich/lottery-smart_contracts,https://github.com/CameronLenartowich/lottery-smart_contracts
akshaykurhekar/Lottery-Smart-Contract,https://github.com/akshaykurhekar/Lottery-Smart-Contract
ezesundayeze/lottery-smart-contract,https://github.com/ezesundayeze/lottery-smart-contract
trentlottery/TrentLotteryContract,https://github.com/trentlottery/TrentLotteryContract
rogerioc/lottery_blockchain_eth,https://github.com/rogerioc/lottery_blockchain_eth
SmartLotteryGames/SmartLotteryGame-SLG-Contract,https://github.com/SmartLotteryGames/SmartLotteryGame-SLG-Contract
FarzamMohammadi/smartcontract-lottery,https://github.com/FarzamMohammadi/smartcontract-lottery
algoguy992000/Lottery,https://github.com/algoguy992000/Lottery
drgorb/lottery,https://github.com/drgorb/lottery
jnermano/SmartLottery,https://github.com/jnermano/SmartLottery
CruzMolina/lottery,https://github.com/CruzMolina/lottery
hryer/Lottery,https://github.com/hryer/Lottery
theblockchainlottery/ethereum-lottery-oraclize,https://github.com/theblockchainlottery/ethereum-lottery-oraclize
FarhanRehman/SmartContract-Lottery,https://github.com/FarhanRehman/SmartContract-Lottery
bhanwarc/Lottery-SmartContract,https://github.com/bhanwarc/Lottery-SmartContract
germaingithub/smartContractLottery,https://github.com/germaingithub/smartContractLottery
Ajay2521/Lottery-smartContract,https://github.com/Ajay2521/Lottery-smartContract
seshuthota/SmartContractLottery,https://github.com/seshuthota/SmartContractLottery
Raul11jg/SmartContract-lottery-React,https://github.com/Raul11jg/SmartContract-lottery-React
monkTrapist/SmartContract_lottery,https://github.com/monkTrapist/SmartContract_lottery
sreeharshau/EthereumLottery_SmartContract,https://github.com/sreeharshau/EthereumLottery_SmartContract
truongbduy/SmartContractLottery,https://github.com/truongbduy/SmartContractLottery
viginti23/SmartContract_Lottery,https://github.com/viginti23/SmartContract_Lottery
AvalieREINE/smartContractLottery,https://github.com/AvalieREINE/smartContractLottery
wanixarif/lotteryFrontEnd,https://github.com/wanixarif/lotteryFrontEnd
AnilRaj27/Lottery-SmartContract,https://github.com/AnilRaj27/Lottery-SmartContract
joshgulledge/lottery_smartContract,https://github.com/joshgulledge/lottery_smartContract
ICKARU5/SmartContract_Lottery,https://github.com/ICKARU5/SmartContract_Lottery
Geeker1/lottery,https://github.com/Geeker1/lottery
andremiracle/SmartContract-Lottery,https://github.com/andremiracle/SmartContract-Lottery
hakunamoni/Lottery-SmartContract,https://github.com/hakunamoni/Lottery-SmartContract
abaqi/SmartContractLottery,https://github.com/abaqi/SmartContractLottery
karadikid/lottery,https://github.com/karadikid/lottery
soragXYZ/lottery,https://github.com/soragXYZ/lottery
woojinShim/SmartContract-Lottery,https://github.com/woojinShim/SmartContract-Lottery
rishankk/SmartContract_Lottery,https://github.com/rishankk/SmartContract_Lottery
gauravkatkar/lottery_SmartContract,https://github.com/gauravkatkar/lottery_SmartContract
meomeocoj/SmartContract-Lottery,https://github.com/meomeocoj/SmartContract-Lottery
BenasVolkovas/SmartContract-Lottery,https://github.com/BenasVolkovas/SmartContract-Lottery
June911/SmartContract_Lottery,https://github.com/June911/SmartContract_Lottery
rohithk246/SmartContractLottery,https://github.com/rohithk246/SmartContractLottery
psuchecki/lottery,https://github.com/psuchecki/lottery
troekens/lottery,https://github.com/troekens/lottery
lajo8136/Lottery,https://github.com/lajo8136/Lottery
onkar4580/lottery,https://github.com/onkar4580/lottery
davincci9412/Lottery_SmartContract,https://github.com/davincci9412/Lottery_SmartContract
Khalizo/SmartContractLottery,https://github.com/Khalizo/SmartContractLottery
fjaddison/lottery,https://github.com/fjaddison/lottery
rjt1599/Lottery,https://github.com/rjt1599/Lottery
cb927/Lottery-SmartContract,https://github.com/cb927/Lottery-SmartContract
alv-carpe-diem/SmartContractLottery,https://github.com/alv-carpe-diem/SmartContractLottery
nedobylskiy/Lottery,https://github.com/nedobylskiy/Lottery
lajosdeme/lottery,https://github.com/lajosdeme/lottery
WeitingLin0106/SmartContract_practice_Lottery,https://github.com/WeitingLin0106/SmartContract_practice_Lottery
Singhsanjeev617/SmartLotteryContract,https://github.com/Singhsanjeev617/SmartLotteryContract
zaddy6/SmartContract-Lottery,https://github.com/zaddy6/SmartContract-Lottery
Alphacolo/SmartContract-Lottery,https://github.com/Alphacolo/SmartContract-Lottery
Nikhil8847/SmartContract_lottery,https://github.com/Nikhil8847/SmartContract_lottery
delphine0930/lottery,https://github.com/delphine0930/lottery
lzh5261/smartContract-of-lottery,https://github.com/lzh5261/smartContract-of-lottery
mohammed-adil-moughal/Lottery_SmartContract_Solidity,https://github.com/mohammed-adil-moughal/Lottery_SmartContract_Solidity
t1nyTi/Lottery_SmartContract,https://github.com/t1nyTi/Lottery_SmartContract
Muntasir-Mahmud/SmartContract-Lottery,https://github.com/Muntasir-Mahmud/SmartContract-Lottery
VladimirTambovtsev/Lottery,https://github.com/VladimirTambovtsev/Lottery
victcebesp/SmartContract-Lottery,https://github.com/victcebesp/SmartContract-Lottery
DaGlaswen/SmartContractLottery,https://github.com/DaGlaswen/SmartContractLottery
jeanseda/SmartContract_Lottery,https://github.com/jeanseda/SmartContract_Lottery
ryan5481/SmartContractLottery,https://github.com/ryan5481/SmartContractLottery
mcmlxiv/SmartContractLotteryPY,https://github.com/mcmlxiv/SmartContractLotteryPY
pavondunbar/Lottery,https://github.com/pavondunbar/Lottery
corneezius/lottery-smartContract,https://github.com/corneezius/lottery-smartContract
charlypri/SmartContractLottery,https://github.com/charlypri/SmartContractLottery
mattheweller/SmartContractLottery,https://github.com/mattheweller/SmartContractLottery
KingSlayer-KS/SmartContract-LOTTERY,https://github.com/KingSlayer-KS/SmartContract-LOTTERY
AgidiMaro/SmartContract-Lottery,https://github.com/AgidiMaro/SmartContract-Lottery
eabasquliyev/Lottery-SmartContract,https://github.com/eabasquliyev/Lottery-SmartContract
Grimmkin/SmartContract-Lottery,https://github.com/Grimmkin/SmartContract-Lottery
theblock-dev/Lottery,https://github.com/theblock-dev/Lottery
Chayapol-c/brownie-lottery,https://github.com/Chayapol-c/brownie-lottery
tahasclone/Smart_contract_lottery,https://github.com/tahasclone/Smart_contract_lottery
PalakSDarji/LotteryContract,https://github.com/PalakSDarji/LotteryContract
Cloudless67/test-lottery,https://github.com/Cloudless67/test-lottery
Idris0v/contract-lottery,https://github.com/Idris0v/contract-lottery
KostadinovK/Lottery-contract,https://github.com/KostadinovK/Lottery-contract
Szymanderinio/smartcontract_lottery,https://github.com/Szymanderinio/smartcontract_lottery
jackpornwasin/lottery-solidity,https://github.com/jackpornwasin/lottery-solidity
sonu12485/Lottery-Contract,https://github.com/sonu12485/Lottery-Contract
thomas192/brownie-lottery,https://github.com/thomas192/brownie-lottery
turinglabsorg/LotteryContract,https://github.com/turinglabsorg/LotteryContract
Cassablonka/LotteryContract,https://github.com/Cassablonka/LotteryContract
Lemmynjash/LotterySmartContractPythonBrownie,https://github.com/Lemmynjash/LotterySmartContractPythonBrownie
yvasilyev92/LotteryContract,https://github.com/yvasilyev92/LotteryContract
yuuttoo/lotterySmartContractFrontEnd,https://github.com/yuuttoo/lotterySmartContractFrontEnd
pirateksh/lottery-contract,https://github.com/pirateksh/lottery-contract
mayankamencherla/Lottery-Contract,https://github.com/mayankamencherla/Lottery-Contract
TarekMohammad1/Lottery_Smart_Contracts-Brownie-FrameWorks-,https://github.com/TarekMohammad1/Lottery_Smart_Contracts-Brownie-FrameWorks-
aykutulis/lottery-contract,https://github.com/aykutulis/lottery-contract
SmartLotteryGames/SmartLotteryGame-SLG-Contract-TRON,https://github.com/SmartLotteryGames/SmartLotteryGame-SLG-Contract-TRON
Shittu24/Smart-Contract-Lottery,https://github.com/Shittu24/Smart-Contract-Lottery
mithileshtipkari/Lottery-smart-contract-UI,https://github.com/mithileshtipkari/Lottery-smart-contract-UI
mannyiagbayani/lottery-dapps,https://github.com/mannyiagbayani/lottery-dapps
rohitsaikrishnan/smartcontract-lottery,https://github.com/rohitsaikrishnan/smartcontract-lottery
sir-josh/react-lottery-smart-contract-,https://github.com/sir-josh/react-lottery-smart-contract-
vartikavr/Lottery-smart-contract,https://github.com/vartikavr/Lottery-smart-contract
kitfud/SmartLottery,https://github.com/kitfud/SmartLottery
damivazbien/lotterycontract,https://github.com/damivazbien/lotterycontract
devynnpalmer/smartLottery,https://github.com/devynnpalmer/smartLottery
rezasmind/Lotteryto,https://github.com/rezasmind/Lotteryto
Gherrer1/ethereum-lottery-smart-contract,https://github.com/Gherrer1/ethereum-lottery-smart-contract
um4ng-tiw/Solidity-Lottery-Contract,https://github.com/um4ng-tiw/Solidity-Lottery-Contract
shenferhat/Lottery-smart-contract,https://github.com/shenferhat/Lottery-smart-contract
mouatassimbn/lottery-smart-contract,https://github.com/mouatassimbn/lottery-smart-contract
deeperic/Smart-Contract-Lottery,https://github.com/deeperic/Smart-Contract-Lottery
ceyonur/lottery-smart-contract,https://github.com/ceyonur/lottery-smart-contract
diegoareval/lottery-smart-contract,https://github.com/diegoareval/lottery-smart-contract
abhay-rana/Lottery-Smart-contract,https://github.com/abhay-rana/Lottery-Smart-contract
prateeksawhney97/Lottery-Smart-Contract-Ethereum,https://github.com/prateeksawhney97/Lottery-Smart-Contract-Ethereum
Zuiluj/lottery-smart-contract,https://github.com/Zuiluj/lottery-smart-contract
firdisml/lottery-smart-contract,https://github.com/firdisml/lottery-smart-contract
Jamie-Cui/Smart-Contract-Lottery,https://github.com/Jamie-Cui/Smart-Contract-Lottery
ceyonur/lottery-smart-contract,https://github.com/ceyonur/lottery-smart-contract
diegoareval/lottery-smart-contract,https://github.com/diegoareval/lottery-smart-contract
BastRatat/smart_contract_lottery,https://github.com/BastRatat/smart_contract_lottery
caokevinc/Smart-Lottery,https://github.com/caokevinc/Smart-Lottery
qSam/EthereumLotteryContract,https://github.com/qSam/EthereumLotteryContract
Sufyanraza01/Lottery-Smart-Contract-,https://github.com/Sufyanraza01/Lottery-Smart-Contract-
dhruvalpatel300/lottery_smart_contract,https://github.com/dhruvalpatel300/lottery_smart_contract
Maher9596/Ethereum-Blockchain-Lottery-smartContract-,https://github.com/Maher9596/Ethereum-Blockchain-Lottery-smartContract-
bulengerkacper/Lottery-SmartContract-SC1,https://github.com/bulengerkacper/Lottery-SmartContract-SC1
consciouscoder/ethereum_smart_contract_lottery,https://github.com/consciouscoder/ethereum_smart_contract_lottery
TyllerDaniel/Lottery-Smart-Contract,https://github.com/TyllerDaniel/Lottery-Smart-Contract
fria-elenaliu/Lottery-smart-contract,https://github.com/fria-elenaliu/Lottery-smart-contract
kweidner14/Lottery_Contract,https://github.com/kweidner14/Lottery_Contract
jaybrt/smart_contract_lottery,https://github.com/jaybrt/smart_contract_lottery
sruffatti/Lottery-Contract,https://github.com/sruffatti/Lottery-Contract
sparsh2706/Lottery-Contract,https://github.com/sparsh2706/Lottery-Contract
crpdev/Ethereum-React-LotteryContract,https://github.com/crpdev/Ethereum-React-LotteryContract
gargikantesaria/lotteryContract-React,https://github.com/gargikantesaria/lotteryContract-React
kweidner14/Lottery_Contract,https://github.com/kweidner14/Lottery_Contract
sixDollars/contract,https://github.com/sixDollars/contract
maxhr/smart-lottery,https://github.com/maxhr/smart-lottery
DieKant/smartcontract-lottery,https://github.com/DieKant/smartcontract-lottery
kevinszuchet/smartcontract-lottery,https://github.com/kevinszuchet/smartcontract-lottery
haoyio/smartcontract-lottery,https://github.com/haoyio/smartcontract-lottery
saidalbouti99/smartcontract-lottery,https://github.com/saidalbouti99/smartcontract-lottery
gnoparus/smartcontract-lottery,https://github.com/gnoparus/smartcontract-lottery
cyrustsiu/smartcontract-lottery,https://github.com/cyrustsiu/smartcontract-lottery
Vl4d1s/lottery-smart-contract-react-solidity,https://github.com/Vl4d1s/lottery-smart-contract-react-solidity
dontfollowsean/lottery-smartcontract,https://github.com/dontfollowsean/lottery-smartcontract
yrraadi-io/smartcontract-lottery,https://github.com/yrraadi-io/smartcontract-lottery
Battambang/Ethereum-Smart-Contract-Lottery-Game,https://github.com/Battambang/Ethereum-Smart-Contract-Lottery-Game
C2OO13/Lottery-Smart-Contract,https://github.com/C2OO13/Lottery-Smart-Contract
andreaborio/LotteryReact,https://github.com/andreaborio/LotteryReact
cherick04/smartcontract-lottery,https://github.com/cherick04/smartcontract-lottery
harrmitch/smartcontract-lottery,https://github.com/harrmitch/smartcontract-lottery
sanyam810/Lottery_Smart_Contract,https://github.com/sanyam810/Lottery_Smart_Contract
andreaborio/LotteryReact,https://github.com/andreaborio/LotteryReact
C2OO13/Lottery-Smart-Contract,https://github.com/C2OO13/Lottery-Smart-Contract
kanlanc/lottery-smart-contract,https://github.com/kanlanc/lottery-smart-contract
prateeksawhney97/lottery-smart-contract,https://github.com/prateeksawhney97/lottery-smart-contract
nnikka/smart_contracts_lottery,https://github.com/nnikka/smart_contracts_lottery
ethereum-development/Lottery-smart-contract,https://github.com/ethereum-development/Lottery-smart-contract
cheng-yu/lottery_smart_contract,https://github.com/cheng-yu/lottery_smart_contract
kasrus/Lottery_smart_contract,https://github.com/kasrus/Lottery_smart_contract
BjMrq/solidity-lottery-smart-contract,https://github.com/BjMrq/solidity-lottery-smart-contract
janith-rathanyaka/Lottery-smart-contract,https://github.com/janith-rathanyaka/Lottery-smart-contract
anonshubh/lottery_selection_smart_contract,https://github.com/anonshubh/lottery_selection_smart_contract
AgidiMaro/smart-Lottery-contract,https://github.com/AgidiMaro/smart-Lottery-contract
lzydaphne/Smart-Contract-Lottery,https://github.com/lzydaphne/Smart-Contract-Lottery
BjMrq/solidity-lottery-smart-contract,https://github.com/BjMrq/solidity-lottery-smart-contract
kasrus/Lottery_smart_contract,https://github.com/kasrus/Lottery_smart_contract
myunghui/project_lottery-smart-contract,https://github.com/myunghui/project_lottery-smart-contract
deividroger/lottery_ethereum_smart_contract,https://github.com/deividroger/lottery_ethereum_smart_contract
br1code/token-lottery-smart-contract,https://github.com/br1code/token-lottery-smart-contract
seung-moo/lottery-smart-contract,https://github.com/seung-moo/lottery-smart-contract
snail-brain/smart_contract_lottery,https://github.com/snail-brain/smart_contract_lottery
abhishekchaturvedi10/Smart-Contract-Lottery-App,https://github.com/abhishekchaturvedi10/Smart-Contract-Lottery-App
nhomyong/smart-contract-lottery,https://github.com/nhomyong/smart-contract-lottery
chelorope/smart-contract-lottery,https://github.com/chelorope/smart-contract-lottery
baileyspraggins/smart_contract_lottery,https://github.com/baileyspraggins/smart_contract_lottery
mojimich2015/simple-lottery-smart-contract,https://github.com/mojimich2015/simple-lottery-smart-contract
XixianWasTaken/Lottery-Smart-Contract,https://github.com/XixianWasTaken/Lottery-Smart-Contract
dayeong918/lottery-smart-contract,https://github.com/dayeong918/lottery-smart-contract
allen-hsu/lottery-smart-contract,https://github.com/allen-hsu/lottery-smart-contract
remicolin/brownie_smart_contract_lottery,https://github.com/remicolin/brownie_smart_contract_lottery
jcib/lottery-smart-contract,https://github.com/jcib/lottery-smart-contract
mannyiagbayani/lottery-smart-contract,https://github.com/mannyiagbayani/lottery-smart-contract
d33p-learner/Lottery-Smart-Contract,https://github.com/d33p-learner/Lottery-Smart-Contract
SnehilGupta/Lottery-Smart-Contract,https://github.com/SnehilGupta/Lottery-Smart-Contract
devchuksemeka/lottery-smart-contract,https://github.com/devchuksemeka/lottery-smart-contract
Swati-Shambhavi/Lottery-Smart-Contract,https://github.com/Swati-Shambhavi/Lottery-Smart-Contract
murano500k/smart_contract_lottery,https://github.com/murano500k/smart_contract_lottery
xremora/smart-contract-lottery,https://github.com/xremora/smart-contract-lottery
lischetti-lorenzo/lottery-smart-contract,https://github.com/lischetti-lorenzo/lottery-smart-contract
davidgrzyb/lottery-smart-contract,https://github.com/davidgrzyb/lottery-smart-contract
darshan-ail/Lottery-App-Smart-Contract-,https://github.com/darshan-ail/Lottery-App-Smart-Contract-
trustworthy-PM/lottery-smart-contract,https://github.com/trustworthy-PM/lottery-smart-contract
Mohilpalav/lottery-smart-contract,https://github.com/Mohilpalav/lottery-smart-contract
kgeonw/lottery-smart-contract,https://github.com/kgeonw/lottery-smart-contract
nghiepnguyen520/Lottery-Smart-Contract,https://github.com/nghiepnguyen520/Lottery-Smart-Contract
enghamzasalem/lottery-smart-contract,https://github.com/enghamzasalem/lottery-smart-contract
andremiracle/smart-contract-lottery,https://github.com/andremiracle/smart-contract-lottery
vhphan/smart-contract-lottery,https://github.com/vhphan/smart-contract-lottery
philippegirard/lottery-eth-smart-contract,https://github.com/philippegirard/lottery-eth-smart-contract
simonlim94/lottery-smart-contract,https://github.com/simonlim94/lottery-smart-contract
DrinoSan/Lottery_Smart_Contract,https://github.com/DrinoSan/Lottery_Smart_Contract
facumarcet/Lottery-Smart-Contract,https://github.com/facumarcet/Lottery-Smart-Contract
Angelotas/React-Lottery-Smart-Contract,https://github.com/Angelotas/React-Lottery-Smart-Contract
shashank-mg/Lottery-Smart-Contract,https://github.com/shashank-mg/Lottery-Smart-Contract
nishitchittora/lottery-smart-contract-ethereum,https://github.com/nishitchittora/lottery-smart-contract-ethereum
Roshan13046/Ethereum_Lottery_Smart_Contract,https://github.com/Roshan13046/Ethereum_Lottery_Smart_Contract
SarahMAmann/smart-contract-lottery,https://github.com/SarahMAmann/smart-contract-lottery
cromewar/Lottery-Smart-Contract,https://github.com/cromewar/Lottery-Smart-Contract
fowardelcac/Lottery-smart-contract,https://github.com/fowardelcac/Lottery-smart-contract
utmichael/lottery-smart-contract,https://github.com/utmichael/lottery-smart-contract
V00D00-child/smart-contract-lottery,https://github.com/V00D00-child/smart-contract-lottery
Gagan-Chamoli/lottery-smart-contract,https://github.com/Gagan-Chamoli/lottery-smart-contract
gjchoo/lottery-smart-contract,https://github.com/gjchoo/lottery-smart-contract
therealsohail/lottery-smart-contract,https://github.com/therealsohail/lottery-smart-contract
regotiss/smart-contract-lottery,https://github.com/regotiss/smart-contract-lottery
TesLake/ethereum_lottery_smart_contract,https://github.com/TesLake/ethereum_lottery_smart_contract
abdullahesmael/Solidity-Lottery-Smart-Contract,https://github.com/abdullahesmael/Solidity-Lottery-Smart-Contract
devmayor/solidity-lottery-smart-contract,https://github.com/devmayor/solidity-lottery-smart-contract
AliMeer/Lottery-Smart-Contract,https://github.com/AliMeer/Lottery-Smart-Contract
devdekk/smart-contract-lottery,https://github.com/devdekk/smart-contract-lottery
Shaivpidadi/Lottery-Smart-Contract,https://github.com/Shaivpidadi/Lottery-Smart-Contract
louisdtt/smart-contract-lottery,https://github.com/louisdtt/smart-contract-lottery
Cryption-Digital-Services/ethereum-lottery-smart-contract,https://github.com/Cryption-Digital-Services/ethereum-lottery-smart-contract
3amrA7med/Lottery-Smart-Contract,https://github.com/3amrA7med/Lottery-Smart-Contract
mofe64/lottery_brownie_smart_contract,https://github.com/mofe64/lottery_brownie_smart_contract
4tossy/Lottery_Smart_Contract_Tuto,https://github.com/4tossy/Lottery_Smart_Contract_Tuto
Origho-precious/lottery-smart-contract,https://github.com/Origho-precious/lottery-smart-contract
Bikxs/Smart-Contracts-Lottery,https://github.com/Bikxs/Smart-Contracts-Lottery
ahmetgul93/LOTTERY_SMART_CONTRACT,https://github.com/ahmetgul93/LOTTERY_SMART_CONTRACT
cloudprodigy/lottery-smart-contract,https://github.com/cloudprodigy/lottery-smart-contract
taiimrr/Smart-Contract-Lottery,https://github.com/taiimrr/Smart-Contract-Lottery
gospargs/ETH-Lottery-smart-contract,https://github.com/gospargs/ETH-Lottery-smart-contract
joaoggnogueira/lottery_smart_contract,https://github.com/joaoggnogueira/lottery_smart_contract
SantiagoIvan/brownie-smart-contract-lottery,https://github.com/SantiagoIvan/brownie-smart-contract-lottery
egzonsyka/lottery-smart-contract,https://github.com/egzonsyka/lottery-smart-contract
aminnagpure/SolidityLottery-1,https://github.com/aminnagpure/SolidityLottery-1
Islandersfan2016/Lottery-Smart-Contract,https://github.com/Islandersfan2016/Lottery-Smart-Contract
akshaykant/Ethereum_Smart_contract_Lottery,https://github.com/akshaykant/Ethereum_Smart_contract_Lottery
Dmitx/QChain-Lottery-Smart-Contracts,https://github.com/Dmitx/QChain-Lottery-Smart-Contracts
rogersanick/Basic-lottery-smart-contract,https://github.com/rogersanick/Basic-lottery-smart-contract
Harsh860/smart-contracts-lottery-systems,https://github.com/Harsh860/smart-contracts-lottery-systems
ImAbdullahJan/Lottery_Smart_Contract,https://github.com/ImAbdullahJan/Lottery_Smart_Contract
preyash2047/smart_contract_lottery,https://github.com/preyash2047/smart_contract_lottery
RougeShadow/Smart-Contract-Lottery,https://github.com/RougeShadow/Smart-Contract-Lottery
snowmxdev/Lottery-smart-contract,https://github.com/snowmxdev/Lottery-smart-contract
Arun89-crypto/Lottery-Smart-Contract,https://github.com/Arun89-crypto/Lottery-Smart-Contract
taiga2002/lottery_smart_contract,https://github.com/taiga2002/lottery_smart_contract
vibhaBlockchain/smart-contract-lottery,https://github.com/vibhaBlockchain/smart-contract-lottery
stefangui/smart-contract-lottery,https://github.com/stefangui/smart-contract-lottery
Nirvs1/Lottery-Smart-contract,https://github.com/Nirvs1/Lottery-Smart-contract
hkjal1605/smart-contract-lottery,https://github.com/hkjal1605/smart-contract-lottery
Preetam078/Lottery-Smart-Contract,https://github.com/Preetam078/Lottery-Smart-Contract
matthi01/lottery-smart-contract,https://github.com/matthi01/lottery-smart-contract
michaelbretagne/smart_contract_lottery,https://github.com/michaelbretagne/smart_contract_lottery
Sufyanraza01/Lottery-Smart-Contract-2020-,https://github.com/Sufyanraza01/Lottery-Smart-Contract-2020-
prabhpreet-code/lottery-smart-contract,https://github.com/prabhpreet-code/lottery-smart-contract
sk67dev/smart_contract_lottery,https://github.com/sk67dev/smart_contract_lottery
The-Briel-Deal/Smart-Contract-Lottery,https://github.com/The-Briel-Deal/Smart-Contract-Lottery
lokeshjoshi01/Smart-Contract-Lottery-Solidity,https://github.com/lokeshjoshi01/Smart-Contract-Lottery-Solidity
kobakvantrishvili/Smart_Contract_Lottery,https://github.com/kobakvantrishvili/Smart_Contract_Lottery
lokeshjoshi01/Smart-Contract-Lottery-Solidity,https://github.com/lokeshjoshi01/Smart-Contract-Lottery-Solidity
kobakvantrishvili/Smart_Contract_Lottery,https://github.com/kobakvantrishvili/Smart_Contract_Lottery
mrlandero/Lottery_Smart_Contract,https://github.com/mrlandero/Lottery_Smart_Contract
Gyorgybeszed/lottery-smart-contract-example,https://github.com/Gyorgybeszed/lottery-smart-contract-example
Viv-Galinari/lottery_smart_contract,https://github.com/Viv-Galinari/lottery_smart_contract
nicolaslazzos/lottery-smart-contract,https://github.com/nicolaslazzos/lottery-smart-contract
PrakharGupta22/Lottery-Smart-Contract,https://github.com/PrakharGupta22/Lottery-Smart-Contract
pro123908/lottery-smart-contract,https://github.com/pro123908/lottery-smart-contract
LeeHyeonHee/lottery-smart-contract,https://github.com/LeeHyeonHee/lottery-smart-contract
vazarkra/Lottery-Smart-Contract,https://github.com/vazarkra/Lottery-Smart-Contract
keshari1arya/lottery-with-smart-contract,https://github.com/keshari1arya/lottery-with-smart-contract
Zenithcoder/simple-lottery-smart-contract,https://github.com/Zenithcoder/simple-lottery-smart-contract
robin0319/smart_contract_Lottery,https://github.com/robin0319/smart_contract_Lottery
rsaSantos/smart-contract-lottery,https://github.com/rsaSantos/smart-contract-lottery
bangms/lottery-smart-contract,https://github.com/bangms/lottery-smart-contract
hrchief/lottery-smart-contract,https://github.com/hrchief/lottery-smart-contract
mithileshtipkari/Lottery-smart-contract-ethereum,https://github.com/mithileshtipkari/Lottery-smart-contract-ethereum
ajaguasin/lottery-eth-smart-contract,https://github.com/ajaguasin/lottery-eth-smart-contract
m1ke98/Lottery-Solidity-Smart-Contract,https://github.com/m1ke98/Lottery-Solidity-Smart-Contract
mobeelah/Lottery-Smart-Contract,https://github.com/mobeelah/Lottery-Smart-Contract
TalentDev00/lottery-smart-contract,https://github.com/TalentDev00/lottery-smart-contract
djkskqyr3/lottery-smart-contract,https://github.com/djkskqyr3/lottery-smart-contract
solidity-blockchain-course/smart-contract-lottery,https://github.com/solidity-blockchain-course/smart-contract-lottery
paigexx/lottery-smart-contract,https://github.com/paigexx/lottery-smart-contract
fabolandry/Lottery-smart-contract,https://github.com/fabolandry/Lottery-smart-contract
rojasjuniore/Lottery-Smart-Contract,https://github.com/rojasjuniore/Lottery-Smart-Contract
pawlovskiii/smart_contract_lottery,https://github.com/pawlovskiii/smart_contract_lottery
tobiade/smart-contract-lottery,https://github.com/tobiade/smart-contract-lottery
jongeunShin95/lottery-smart-contract,https://github.com/jongeunShin95/lottery-smart-contract
femostic4j/Lottery-Smart-Contract,https://github.com/femostic4j/Lottery-Smart-Contract
kovalenko-blockchain/lottery-smart-contract,https://github.com/kovalenko-blockchain/lottery-smart-contract
HarshaKoduri123/Lottery-Smart-Contract,https://github.com/HarshaKoduri123/Lottery-Smart-Contract
fmanir/Lottery-Smart-Contract,https://github.com/fmanir/Lottery-Smart-Contract
mayckonx/smart-contract-lottery,https://github.com/mayckonx/smart-contract-lottery
joshteng/lottery_smart_contract,https://github.com/joshteng/lottery_smart_contract
ozanknskl/lottery-smart-contract,https://github.com/ozanknskl/lottery-smart-contract
dragonheaven/lottery-smart-contract,https://github.com/dragonheaven/lottery-smart-contract
HagarHaytham/Lottery_Smart_Contract,https://github.com/HagarHaytham/Lottery_Smart_Contract
navneet555k/Lottery-smart-contract,https://github.com/navneet555k/Lottery-smart-contract
Talha089/Lottery-Smart-Contracts,https://github.com/Talha089/Lottery-Smart-Contracts
lucasrahn09/smart_contract_lottery,https://github.com/lucasrahn09/smart_contract_lottery
Shahmahdi/lottery_smart_contract,https://github.com/Shahmahdi/lottery_smart_contract
yhy940806/smart_contract_lottery,https://github.com/yhy940806/smart_contract_lottery
nitro-neal/smart-contract-lottery,https://github.com/nitro-neal/smart-contract-lottery
ANMOLCODES/Lottery-Smart-Contract,https://github.com/ANMOLCODES/Lottery-Smart-Contract
SecretStarLight/Lottery-smart-contract,https://github.com/SecretStarLight/Lottery-smart-contract
sirmanuch0/Lottery-Smart-Contracts,https://github.com/sirmanuch0/Lottery-Smart-Contracts
uzair011/smart-contract-lottery,https://github.com/uzair011/smart-contract-lottery
mertzamir/lottery-smart-contract,https://github.com/mertzamir/lottery-smart-contract
ceodigvijay/lottery-smart-contract,https://github.com/ceodigvijay/lottery-smart-contract
SarahMAmann/smart-contract-lottery,https://github.com/SarahMAmann/smart-contract-lottery
nishitchittora/lottery-smart-contract-ethereum,https://github.com/nishitchittora/lottery-smart-contract-ethereum
shashank-mg/Lottery-Smart-Contract,https://github.com/shashank-mg/Lottery-Smart-Contract
utmichael/lottery-smart-contract,https://github.com/utmichael/lottery-smart-contract
Roshan13046/Ethereum_Lottery_Smart_Contract,https://github.com/Roshan13046/Ethereum_Lottery_Smart_Contract
fowardelcac/Lottery-smart-contract,https://github.com/fowardelcac/Lottery-smart-contract
gjchoo/lottery-smart-contract,https://github.com/gjchoo/lottery-smart-contract
cromewar/Lottery-Smart-Contract,https://github.com/cromewar/Lottery-Smart-Contract
Gagan-Chamoli/lottery-smart-contract,https://github.com/Gagan-Chamoli/lottery-smart-contract
V00D00-child/smart-contract-lottery,https://github.com/V00D00-child/smart-contract-lottery
BharatwajC/Smart_Contract_Lottery,https://github.com/BharatwajC/Smart_Contract_Lottery
belalelmi/lottery-game-smart-contract,https://github.com/belalelmi/lottery-game-smart-contract
shiminken/lottery-smart-contract,https://github.com/shiminken/lottery-smart-contract
Gherrer1/Lottery-React,https://github.com/Gherrer1/Lottery-React
monchoz/sol-lottery,https://github.com/monchoz/sol-lottery
deshanjali/Smart-Contract,https://github.com/deshanjali/Smart-Contract
CaseyKelly/ethereum-lottery,https://github.com/CaseyKelly/ethereum-lottery
victorcheng7/lottery-ethereum,https://github.com/victorcheng7/lottery-ethereum
mkilicarslan/lottery-react,https://github.com/mkilicarslan/lottery-react
OsasAzamegbe/lottery-react,https://github.com/OsasAzamegbe/lottery-react
syedsimanta03/lottery-blockchain,https://github.com/syedsimanta03/lottery-blockchain
Vxatz/brownie_lottery,https://github.com/Vxatz/brownie_lottery
caseyr003/lottery-smart-contract,https://github.com/caseyr003/lottery-smart-contract
kimiti/The-Lottery-Smart-Contract,https://github.com/kimiti/The-Lottery-Smart-Contract
ljz3/Lottery-ETH-Smart-Contract,https://github.com/ljz3/Lottery-ETH-Smart-Contract
applevinc/lottery-smart-contracts,https://github.com/applevinc/lottery-smart-contracts
DeApp-Devs/lottery-smart-contract,https://github.com/DeApp-Devs/lottery-smart-contract
Sottik/lottery-smart-contracts-,https://github.com/Sottik/lottery-smart-contracts-
jjreedv/Lottery-Smart-Contract,https://github.com/jjreedv/Lottery-Smart-Contract
narasimha-v/smart_contract_lottery,https://github.com/narasimha-v/smart_contract_lottery
sanjaya1996/lottery-smart-contract,https://github.com/sanjaya1996/lottery-smart-contract
hm2h/Smart-Contract-Lottery,https://github.com/hm2h/Smart-Contract-Lottery
saeid436/Brownie-Smart-Contract-Lottery,https://github.com/saeid436/Brownie-Smart-Contract-Lottery
Adrianaito/first-smart-contract-lottery,https://github.com/Adrianaito/first-smart-contract-lottery
mohulKS/Lottery-Smart-Contract,https://github.com/mohulKS/Lottery-Smart-Contract
pasaran/lottery-smart-contract,https://github.com/pasaran/lottery-smart-contract
juanjolainez/smart-contract-lottery,https://github.com/juanjolainez/smart-contract-lottery
nuno-cunha-dev/lottery-smart-contract,https://github.com/nuno-cunha-dev/lottery-smart-contract
imcharliesparks/lottery-smart-contract,https://github.com/imcharliesparks/lottery-smart-contract
Taiwopeter-babs/Smart-Contract-Lottery,https://github.com/Taiwopeter-babs/Smart-Contract-Lottery
deathlock/Lottery-ethereum-smart-contract,https://github.com/deathlock/Lottery-ethereum-smart-contract
kangukKim/lottery-smart-contract,https://github.com/kangukKim/lottery-smart-contract
murano500k/smart_contract_token_lottery,https://github.com/murano500k/smart_contract_token_lottery
monikkacha/lottery-smart-contract,https://github.com/monikkacha/lottery-smart-contract
seanmayer/smart-contract-lottery,https://github.com/seanmayer/smart-contract-lottery
mishra-rishabh/lottery-system-smart-contract,https://github.com/mishra-rishabh/lottery-system-smart-contract
KPiekorz/Smart-Contract-Lottery,https://github.com/KPiekorz/Smart-Contract-Lottery
sustiono/lottery-smart-contract,https://github.com/sustiono/lottery-smart-contract
BharatwajC/Smart_Contract_Lottery,https://github.com/BharatwajC/Smart_Contract_Lottery
belalelmi/lottery-game-smart-contract,https://github.com/belalelmi/lottery-game-smart-contract
uzair011/smart-contract-lottery,https://github.com/uzair011/smart-contract-lottery
mertzamir/lottery-smart-contract,https://github.com/mertzamir/lottery-smart-contract
sirmanuch0/Lottery-Smart-Contracts,https://github.com/sirmanuch0/Lottery-Smart-Contracts
Gherrer1/Lottery-React,https://github.com/Gherrer1/Lottery-React
monchoz/sol-lottery,https://github.com/monchoz/sol-lottery
CaseyKelly/ethereum-lottery,https://github.com/CaseyKelly/ethereum-lottery
mkilicarslan/lottery-react,https://github.com/mkilicarslan/lottery-react
victorcheng7/lottery-ethereum,https://github.com/victorcheng7/lottery-ethereum
OsasAzamegbe/lottery-react,https://github.com/OsasAzamegbe/lottery-react
deshanjali/Smart-Contract,https://github.com/deshanjali/Smart-Contract
greenfrieza/lottery-react,https://github.com/greenfrieza/lottery-react
juliatan/solidity-lottery,https://github.com/juliatan/solidity-lottery
juannavas31/lottery_react,https://github.com/juannavas31/lottery_react
decentralized-nation/blockchain-lottery,https://github.com/decentralized-nation/blockchain-lottery
ogzhanolguncu/lottery-client,https://github.com/ogzhanolguncu/lottery-client
mdmudassir0143/Lottery-Game,https://github.com/mdmudassir0143/Lottery-Game
aliasmac/lottery-react,https://github.com/aliasmac/lottery-react
michalkotas/eth-lottery,https://github.com/michalkotas/eth-lottery
jackdixonryan/ethereum-lottery,https://github.com/jackdixonryan/ethereum-lottery
thomasn-dev/lottery-react,https://github.com/thomasn-dev/lottery-react
nq1320/Lottery-Project,https://github.com/nq1320/Lottery-Project
YashUppal1/Lottery-Solidity,https://github.com/YashUppal1/Lottery-Solidity
MarkoJauregui/lottery-react,https://github.com/MarkoJauregui/lottery-react
rpajunen/lottery-react,https://github.com/rpajunen/lottery-react
kevinghim/lottery-react,https://github.com/kevinghim/lottery-react
blockchainjag/Lottery.sol,https://github.com/blockchainjag/Lottery.sol
ayushi2330/simple-lottery,https://github.com/ayushi2330/simple-lottery
Renewwen/lottery-react,https://github.com/Renewwen/lottery-react
StudentOfJS/lottery-react,https://github.com/StudentOfJS/lottery-react
NikitosnikN/lottery.sol,https://github.com/NikitosnikN/lottery.sol
JonMontgo/lottery-react,https://github.com/JonMontgo/lottery-react
kostka-tech/lottery,https://github.com/kostka-tech/lottery
ultra-yolo/ultra_yolo_backend,https://github.com/ultra-yolo/ultra_yolo_backend
jackofalltradesprogrammer/lottery_Ethereum_project,https://github.com/jackofalltradesprogrammer/lottery_Ethereum_project
troekens/Ethereum,https://github.com/troekens/Ethereum
daniellara/blockttery,https://github.com/daniellara/blockttery
pateltwinkle123/Star,https://github.com/pateltwinkle123/Star
CapitalJ1024/Lottery,https://github.com/CapitalJ1024/Lottery
jimbucktoo/lottery,https://github.com/jimbucktoo/lottery
abdulrabbani00/LotteryContract,https://github.com/abdulrabbani00/LotteryContract
nfabacus/lottery,https://github.com/nfabacus/lottery
Urubit/urubitlottery,https://github.com/Urubit/urubitlottery
js-ferguson/solLotto,https://github.com/js-ferguson/solLotto
IMBurbank/solidity-pool-lottery,https://github.com/IMBurbank/solidity-pool-lottery
RuchitShah11/Simple_Lottery_Game,https://github.com/RuchitShah11/Simple_Lottery_Game
gautamcvernekar/LotterySmartContract-Ethereum-React-App,https://github.com/gautamcvernekar/LotterySmartContract-Ethereum-React-App
davidmoradi/ethereum-lottery-react,https://github.com/davidmoradi/ethereum-lottery-react
jonit-dev/solidity-lottery-example,https://github.com/jonit-dev/solidity-lottery-example
hugoruivo/lottery-react-solidity,https://github.com/hugoruivo/lottery-react-solidity
guptadivyanshuu/Lottery-System-using-blockchain,https://github.com/guptadivyanshuu/Lottery-System-using-blockchain
AStudentOfCS/ETHSolidityWithJS-LotterySmartContract,https://github.com/AStudentOfCS/ETHSolidityWithJS-LotterySmartContract
TJH1992/Solidity-Lottery-App,https://github.com/TJH1992/Solidity-Lottery-App
brunocasarotti/solttery,https://github.com/brunocasarotti/solttery
pyAndr3w/ton-lottery-smc,https://github.com/pyAndr3w/ton-lottery-smc
evscott/Lottery,https://github.com/evscott/Lottery
millsmcilroy/lottery,https://github.com/millsmcilroy/lottery
corleone0007/LotteryContract,https://github.com/corleone0007/LotteryContract
greenfrieza/lottery,https://github.com/greenfrieza/lottery
wafflemakr/lottery,https://github.com/wafflemakr/lottery
Piorys/Lottery,https://github.com/Piorys/Lottery
mtenenholtz/lottery,https://github.com/mtenenholtz/lottery
jimmy-collazos/app-lottery.sol,https://github.com/jimmy-collazos/app-lottery.sol
ldco2016/Lottery,https://github.com/ldco2016/Lottery
ubik202/lottery,https://github.com/ubik202/lottery
Harsh3363/Lottery,https://github.com/Harsh3363/Lottery
thechidubem/lottery,https://github.com/thechidubem/lottery
SJuras/Solidity-simple-lottery,https://github.com/SJuras/Solidity-simple-lottery
qSam/ReactEthereumLotteryClient,https://github.com/qSam/ReactEthereumLotteryClient
Rushanksavant/Decentralized-Lottery-System,https://github.com/Rushanksavant/Decentralized-Lottery-System
shonendumm/lottery,https://github.com/shonendumm/lottery
mokshit4/Lottery-on-eth,https://github.com/mokshit4/Lottery-on-eth
Le4kno3/lottery-contract-SCD,https://github.com/Le4kno3/lottery-contract-SCD
carlosdimatteo/BlockLotteryDAPP,https://github.com/carlosdimatteo/BlockLotteryDAPP
muntasirjoarder/solidity-lottery-contract,https://github.com/muntasirjoarder/solidity-lottery-contract
cmichalee/smartcontract-lottery,https://github.com/cmichalee/smartcontract-lottery
niel98/Lottery_contract,https://github.com/niel98/Lottery_contract
aliasmac/eth-lottery-contract,https://github.com/aliasmac/eth-lottery-contract
tanmayjuneja8/smartcontract-lottery,https://github.com/tanmayjuneja8/smartcontract-lottery
QuiHan/smartcontract-lottery,https://github.com/QuiHan/smartcontract-lottery
luissberenguer/smart-lottery,https://github.com/luissberenguer/smart-lottery
somramnani/Lottery-Contract,https://github.com/somramnani/Lottery-Contract
ThalKod/basic-lottery-contract,https://github.com/ThalKod/basic-lottery-contract
andreitoma8/smartcontract_lottery,https://github.com/andreitoma8/smartcontract_lottery
MahikaJaguste/lottery-contract,https://github.com/MahikaJaguste/lottery-contract
benjaminharringtonrose/lottery-contract,https://github.com/benjaminharringtonrose/lottery-contract
Tombiczek/smartcontract-lottery,https://github.com/Tombiczek/smartcontract-lottery
ssalimb/BasicSmartContract,https://github.com/ssalimb/BasicSmartContract
andrescrd/keno-smart-contract,https://github.com/andrescrd/keno-smart-contract
markbayley/blotto,https://github.com/markbayley/blotto
HughesSeanKyle/SectionThree_SmartContracts-Solidity-Lottery,https://github.com/HughesSeanKyle/SectionThree_SmartContracts-Solidity-Lottery
manikantanynala97/manikantanynala97-Decentralized_Lottery_Application_SmartContract,https://github.com/manikantanynala97/manikantanynala97-Decentralized_Lottery_Application_SmartContract
mdshaik07/smartcontract_lottery_created_from_scratch,https://github.com/mdshaik07/smartcontract_lottery_created_from_scratch
Pankul94/Simple-Lottery-Using-smart-contracts,https://github.com/Pankul94/Simple-Lottery-Using-smart-contracts
kangkanJ23/Lottery-Smart-Contract-Using-VRF,https://github.com/kangkanJ23/Lottery-Smart-Contract-Using-VRF
OyinloluB/Learn-solidity-lottery-smart-contract,https://github.com/OyinloluB/Learn-solidity-lottery-smart-contract
RaihanArdianata/lottery-app-smart-contract-react,https://github.com/RaihanArdianata/lottery-app-smart-contract-react
Bartvt21/Smart-Contract-Based-Closed-Lottery,https://github.com/Bartvt21/Smart-Contract-Based-Closed-Lottery
fantasyzernontra/lottery-smart-contracts-app-solidity,https://github.com/fantasyzernontra/lottery-smart-contracts-app-solidity
ljz3/dApp-Lottery-Smart-Contract,https://github.com/ljz3/dApp-Lottery-Smart-Contract
gospargs/ETH-Lottery-smart-contract-react,https://github.com/gospargs/ETH-Lottery-smart-contract-react
sbaks0820/N-Player-Lottery-Smart-Contract,https://github.com/sbaks0820/N-Player-Lottery-Smart-Contract
koloz193/ThreePersonLotterySmartContract,https://github.com/koloz193/ThreePersonLotterySmartContract
analytickid/Lottery-Protocol-using-Smart-Contracts,https://github.com/analytickid/Lottery-Protocol-using-Smart-Contracts
vazarkra/Lottery-Smart-Contract-React-App,https://github.com/vazarkra/Lottery-Smart-Contract-React-App
marufrobin/Lottery-app-using-Smart-Contract,https://github.com/marufrobin/Lottery-app-using-Smart-Contract
bhusan-thapa/Lottery-Solidity-based-smart-contract,https://github.com/bhusan-thapa/Lottery-Solidity-based-smart-contract
ibrahimkecici/lottery-smart-contract-ethereum-solidity,https://github.com/ibrahimkecici/lottery-smart-contract-ethereum-solidity
matthi01/react-lottery-smart-contract-app,https://github.com/matthi01/react-lottery-smart-contract-app
olliefryatt/Create_a_smart_contract_lottery,https://github.com/olliefryatt/Create_a_smart_contract_lottery
consciouscoder/ethereum_smart_contract_lottery_react,https://github.com/consciouscoder/ethereum_smart_contract_lottery_react
sufyanaslam404/Simple-Lottery-based-Smart-Contract,https://github.com/sufyanaslam404/Simple-Lottery-based-Smart-Contract
sameergupta-11/lottery-system-using-smart-contract,https://github.com/sameergupta-11/lottery-system-using-smart-contract
djoto/fair_ethereum_smart_contract_lottery,https://github.com/djoto/fair_ethereum_smart_contract_lottery
sreechow/Solidity_SmartContracts,https://github.com/sreechow/Solidity_SmartContracts
jganobsik/Auction-Contract,https://github.com/jganobsik/Auction-Contract
joetrite/SmartContracts,https://github.com/joetrite/SmartContracts
harshildp/lottery_contract,https://github.com/harshildp/lottery_contract
maverickamit/lottery-frontend,https://github.com/maverickamit/lottery-frontend
prix0007/Lottery-Smart-App,https://github.com/prix0007/Lottery-Smart-App
Bizinova/fcc-smartcontract-lottery,https://github.com/Bizinova/fcc-smartcontract-lottery
allmysmarts/card-pickup,https://github.com/allmysmarts/card-pickup
edoubart/ethereum-lottery,https://github.com/edoubart/ethereum-lottery
jackhardy1/lottery-solidity,https://github.com/jackhardy1/lottery-solidity
mef14/brownie_lottery,https://github.com/mef14/brownie_lottery
jimmy-collazos/lottery.sol,https://github.com/jimmy-collazos/lottery.sol
benmoussa96/eth-lottery,https://github.com/benmoussa96/eth-lottery
vostruk/smartlottery,https://github.com/vostruk/smartlottery
nfabacus/lottery-react,https://github.com/nfabacus/lottery-react
jpc20/lottery-react,https://github.com/jpc20/lottery-react
sanjaya1996/lottery-react,https://github.com/sanjaya1996/lottery-react
gforien/lottery-dapp,https://github.com/gforien/lottery-dapp
dkillen/eth-lottery,https://github.com/dkillen/eth-lottery
sushantkumar23/eth-lottery,https://github.com/sushantkumar23/eth-lottery
phillipdodd/solidity-lottery,https://github.com/phillipdodd/solidity-lottery
AliMeer/Lottery-React,https://github.com/AliMeer/Lottery-React
Deep-Meditation/eth-lottery,https://github.com/Deep-Meditation/eth-lottery
deshanjali/lottery-react,https://github.com/deshanjali/lottery-react
metashwat/solidityLottery,https://github.com/metashwat/solidityLottery
SpencerMiller23/ethereum-lottery,https://github.com/SpencerMiller23/ethereum-lottery
cmancushman/NFT-Lottery,https://github.com/cmancushman/NFT-Lottery
akshaykurhekar/lottery-react,https://github.com/akshaykurhekar/lottery-react
thomasphillips3/lottery-react,https://github.com/thomasphillips3/lottery-react
stevenson-james/Lottery-Blockchain,https://github.com/stevenson-james/Lottery-Blockchain
akashshyamdev/lottery-ethereum,https://github.com/akashshyamdev/lottery-ethereum
AlessandroAnnini/blockwave-lottery,https://github.com/AlessandroAnnini/blockwave-lottery
easyhex/02_lottery,https://github.com/easyhex/02_lottery
hatipkabak/lottery-blockchain,https://github.com/hatipkabak/lottery-blockchain
stefanbadi/solidity-lottery,https://github.com/stefanbadi/solidity-lottery
blkdot/pickup-lottery,https://github.com/blkdot/pickup-lottery
miguel550/Ethereum-Lottery,https://github.com/miguel550/Ethereum-Lottery
RevelationOfTuring/ethLottery,https://github.com/RevelationOfTuring/ethLottery
br34d-dev/eth-lottery,https://github.com/br34d-dev/eth-lottery
altugbakan/brownie-lottery,https://github.com/altugbakan/brownie-lottery
benmoussa96/react-lottery,https://github.com/benmoussa96/react-lottery
pauljeremyturner/SolidityLottery,https://github.com/pauljeremyturner/SolidityLottery
pseudoyu/lottery-solidity,https://github.com/pseudoyu/lottery-solidity
davidgk/lottery-react,https://github.com/davidgk/lottery-react
bkmehta93/Lottery-React,https://github.com/bkmehta93/Lottery-React
YifanYes/lottery-solidity,https://github.com/YifanYes/lottery-solidity
thebalu/distributed-lottery,https://github.com/thebalu/distributed-lottery
arishma108/Lottery-System,https://github.com/arishma108/Lottery-System
subhasis020299/lottery-frontend,https://github.com/subhasis020299/lottery-frontend
byshape/sc-lottery,https://github.com/byshape/sc-lottery
neeyno/sc-lottery,https://github.com/neeyno/sc-lottery
sonu12485/Lottery-App,https://github.com/sonu12485/Lottery-App
Sherry-94/Lottery-React,https://github.com/Sherry-94/Lottery-React
mitchellnel/basic-lottery,https://github.com/mitchellnel/basic-lottery
McManOfTheLand/Lottery-Hardhat,https://github.com/McManOfTheLand/Lottery-Hardhat
ErikBaer/smartcontract-lottery,https://github.com/ErikBaer/smartcontract-lottery
KAD105/smartcontract_lottery,https://github.com/KAD105/smartcontract_lottery
cdwyer1bod/smartcontract-lottery,https://github.com/cdwyer1bod/smartcontract-lottery
luke-holt/smartcontract_lottery,https://github.com/luke-holt/smartcontract_lottery
JoeCool02/smartcontract-lottery,https://github.com/JoeCool02/smartcontract-lottery
lavanyaam11/lotterySystem,https://github.com/lavanyaam11/lotterySystem
himalay123456/LotteryBlockchain,https://github.com/himalay123456/LotteryBlockchain
kumarsharik/LotterySolidity,https://github.com/kumarsharik/LotterySolidity
clementckm/LotterySC,https://github.com/clementckm/LotterySC
hussain-t/lottery-solidity-basics,https://github.com/hussain-t/lottery-solidity-basics
leaofelipe/eth-blockchain-lottery,https://github.com/leaofelipe/eth-blockchain-lottery
Fer-Bonilla/solidity-lottery-dapp,https://github.com/Fer-Bonilla/solidity-lottery-dapp
nayyara-airlangga/semi-decentralized-lottery,https://github.com/nayyara-airlangga/semi-decentralized-lottery
adnanbaysal/ClosestGuessLottery,https://github.com/adnanbaysal/ClosestGuessLottery
khanapat/lottery-solidity-api,https://github.com/khanapat/lottery-solidity-api
JeffyJeff1980/web3-lottery-react,https://github.com/JeffyJeff1980/web3-lottery-react
baka-san/solidity-react-lottery-app,https://github.com/baka-san/solidity-react-lottery-app
wojeil/Lottery_React_Blockchain,https://github.com/wojeil/Lottery_React_Blockchain
DavidWallJ/udemy-solidity-lottery,https://github.com/DavidWallJ/udemy-solidity-lottery
cromewar/Solidity-lottery-with-brownie,https://github.com/cromewar/Solidity-lottery-with-brownie
julgq/react-solidity-lottery,https://github.com/julgq/react-solidity-lottery
ZacharyWeiner/ETH-Lottery-React,https://github.com/ZacharyWeiner/ETH-Lottery-React
sam13007/Blockchain-lottery-frontend,https://github.com/sam13007/Blockchain-lottery-frontend
decentralized-nation/blockchain-lottery-client,https://github.com/decentralized-nation/blockchain-lottery-client
witodivaro/LOTTERY.sol.py,https://github.com/witodivaro/LOTTERY.sol.py
tiagocavaco/lottery-dapp-react,https://github.com/tiagocavaco/lottery-dapp-react
omarbastos/react-ethereum-lottery,https://github.com/omarbastos/react-ethereum-lottery
ZacharyWeiner/ETH-Lottery-React,https://github.com/ZacharyWeiner/ETH-Lottery-React
stevenson-james/Lottery-React-App,https://github.com/stevenson-james/Lottery-React-App
attilavegh/ethereum-lottery-game,https://github.com/attilavegh/ethereum-lottery-game
bhukyavijaykumar1999/The-advanced-smart-contract-the-Lottery,https://github.com/bhukyavijaykumar1999/The-advanced-smart-contract-the-Lottery
abdoelhafi/decentralized-lottery-application,https://github.com/abdoelhafi/decentralized-lottery-application
zelva3/lottery-smartcontract-solidity-web3,https://github.com/zelva3/lottery-smartcontract-solidity-web3
zelva3/lottery-smart-contract-web3-reactjs,https://github.com/zelva3/lottery-smart-contract-web3-reactjs
shahabvshahabi1996/lottery-contract-solidity,https://github.com/shahabvshahabi1996/lottery-contract-solidity
rajatk16/lottery,https://github.com/rajatk16/lottery
PawelFiuk/LottterySmartContract,https://github.com/PawelFiuk/LottterySmartContract
renanrcrr/smart-contracts-examples,https://github.com/renanrcrr/smart-contracts-examples
mariiabogdanova/Ethereum-Lottery-Contract,https://github.com/mariiabogdanova/Ethereum-Lottery-Contract
cfactolerin/solidity-lottery-contract,https://github.com/cfactolerin/solidity-lottery-contract
puneet333/Loterry_Smart_Contract,https://github.com/puneet333/Loterry_Smart_Contract
cd3vane/smart-contract-practice,https://github.com/cd3vane/smart-contract-practice
tedjames/lottery,https://github.com/tedjames/lottery
ankurdaharwal/lottery,https://github.com/ankurdaharwal/lottery
apollofps/Lottery-smart-contract-using-ethereum-solidity,https://github.com/apollofps/Lottery-smart-contract-using-ethereum-solidity
leonvanzyl/web3-eth-smart-contract-lottery,https://github.com/leonvanzyl/web3-eth-smart-contract-lottery
meytiab/A-Simple-Lottery-Solidity-Smart-Contract,https://github.com/meytiab/A-Simple-Lottery-Solidity-Smart-Contract
jpc20/Lottery,https://github.com/jpc20/Lottery
iNew-b-yte/Lottery-Smart-Contract-using-Chainlink-VRF,https://github.com/iNew-b-yte/Lottery-Smart-Contract-using-Chainlink-VRF
dfcontr/lottery,https://github.com/dfcontr/lottery
yash07007/Lottery,https://github.com/yash07007/Lottery
ksinghj/Lottery,https://github.com/ksinghj/Lottery
Umair9876/Lottery-Smart-Contract-using-React-js,https://github.com/Umair9876/Lottery-Smart-Contract-using-React-js
RoamDeFi/Lottery,https://github.com/RoamDeFi/Lottery
I-M-F/smartcontract-lottery,https://github.com/I-M-F/smartcontract-lottery
stillonwarpath/smartcontract_lottery,https://github.com/stillonwarpath/smartcontract_lottery
SinclairPythonAkoto/smartcontract-lottery,https://github.com/SinclairPythonAkoto/smartcontract-lottery
ManoVikram/Lottery-DApp,https://github.com/ManoVikram/Lottery-DApp
ethereum-development/lottery-react,https://github.com/ethereum-development/lottery-react
cieslarmichal/smart-contracts,https://github.com/cieslarmichal/smart-contracts
corupta/CMPE483-Autonomous-Decentralized-Lottery,https://github.com/corupta/CMPE483-Autonomous-Decentralized-Lottery
rknlhrqy/Ethereum-Lottery,https://github.com/rknlhrqy/Ethereum-Lottery
mcabrejos24/solidity_web3_lottery_project,https://github.com/mcabrejos24/solidity_web3_lottery_project
Zireael26/brownie-smartcontract-lottery,https://github.com/Zireael26/brownie-smartcontract-lottery
0xBlockchain/NFT-Lottery,https://github.com/0xBlockchain/NFT-Lottery
sunstate9999/mylottery99,https://github.com/sunstate9999/mylottery99
proitlab/vex-registeronme,https://github.com/proitlab/vex-registeronme
ltry-project/ltry,https://github.com/ltry-project/ltry
sam13007/Blockchain-lottery-contract,https://github.com/sam13007/Blockchain-lottery-contract
mauriciocoder/ethereum-poc-2,https://github.com/mauriciocoder/ethereum-poc-2
b33son/Ethereum-Lotto,https://github.com/b33son/Ethereum-Lotto
RobinWijnant/blockhash-etherium-dapp,https://github.com/RobinWijnant/blockhash-etherium-dapp
KamiD/EtherTicket,https://github.com/KamiD/EtherTicket
rogersanick/React-Dapp-basic-lottery-contract,https://github.com/rogersanick/React-Dapp-basic-lottery-contract
daniellara/blockttery-dapp,https://github.com/daniellara/blockttery-dapp
thinkocapo/full-stack-fund,https://github.com/thinkocapo/full-stack-fund
urdestiny2/lotterycontract,https://github.com/urdestiny2/lotterycontract
ZhengxunWu/lotteryonethereum,https://github.com/ZhengxunWu/lotteryonethereum
pranjalshukla23/ethereum-smart-contracts,https://github.com/pranjalshukla23/ethereum-smart-contracts
tgribeauval/lotterysmartcontract,https://github.com/tgribeauval/lotterysmartcontract
clwest/smart-contract-solidity,https://github.com/clwest/smart-contract-solidity
j1mehta/lotterySolidity,https://github.com/j1mehta/lotterySolidity
karthikeya-kotegar/Ethereum-Smart-Lottery,https://github.com/karthikeya-kotegar/Ethereum-Smart-Lottery
tedjames/lotteryWeb,https://github.com/tedjames/lotteryWeb
Harshitsaini-12/Smart-Contracts-,https://github.com/Harshitsaini-12/Smart-Contracts-
danielanatolie/lottery,https://github.com/danielanatolie/lottery
alobaili/lottery,https://github.com/alobaili/lottery
Oliver-Ryall/Lottery,https://github.com/Oliver-Ryall/Lottery
Salsabeelkhan/LotterySystemInSolidarity,https://github.com/Salsabeelkhan/LotterySystemInSolidarity
RCantu92/decentralized_lottery,https://github.com/RCantu92/decentralized_lottery
wiktor-mazur/ethereum-lottery,https://github.com/wiktor-mazur/ethereum-lottery
pranjalkumar/Lottery-app-on-blockchain,https://github.com/pranjalkumar/Lottery-app-on-blockchain
jdleo/lottery-react,https://github.com/jdleo/lottery-react
kostka-tech/lottery-app,https://github.com/kostka-tech/lottery-app
CL-mullins/eth-lottery,https://github.com/CL-mullins/eth-lottery
raj-chakvarthy/EOS_lottery,https://github.com/raj-chakvarthy/EOS_lottery
Rafaell416/lottery-pool,https://github.com/Rafaell416/lottery-pool
millsmcilroy/lottery-react,https://github.com/millsmcilroy/lottery-react
tonihurtado/lottery-solidity,https://github.com/tonihurtado/lottery-solidity
abdulwahed786/Lottery-DApp,https://github.com/abdulwahed786/Lottery-DApp
patrickl13/ethereum-lottery,https://github.com/patrickl13/ethereum-lottery
urbanoanderson/ethereum-lottery,https://github.com/urbanoanderson/ethereum-lottery
KadyoYang/easy-lottery,https://github.com/KadyoYang/easy-lottery
vietanhvo/lottery-project,https://github.com/vietanhvo/lottery-project
spaceh3ad/brownie_lottery,https://github.com/spaceh3ad/brownie_lottery
911-Borcani-Robert-Raul/Ethereum_lottery,https://github.com/911-Borcani-Robert-Raul/Ethereum_lottery
samvid25/Beacon-Lottery,https://github.com/samvid25/Beacon-Lottery
jimbucktoo/lottery-react,https://github.com/jimbucktoo/lottery-react
willassad/lotterycontract,https://github.com/willassad/lotterycontract
mohamed-assem92/lottery-frontend,https://github.com/mohamed-assem92/lottery-frontend
bineethkumar/lottery-system,https://github.com/bineethkumar/lottery-system
faisal2754/Eth-Lottery,https://github.com/faisal2754/Eth-Lottery
imcharliesparks/lottery-frontend,https://github.com/imcharliesparks/lottery-frontend
StephanYu/ethereum_lottery,https://github.com/StephanYu/ethereum_lottery
blockchainnn/lottery-react,https://github.com/blockchainnn/lottery-react
pLaborderie/moon-lottery,https://github.com/pLaborderie/moon-lottery
adithyakrishnasaravu/solidity-smartcontract_lottery,https://github.com/adithyakrishnasaravu/solidity-smartcontract_lottery
maorazoulay/Lottery-Using-Chainlink-VRF,https://github.com/maorazoulay/Lottery-Using-Chainlink-VRF
HotAli7/lottery-chainlink-hardhat,https://github.com/HotAli7/lottery-chainlink-hardhat
ThalKod/basic-lottery-react,https://github.com/ThalKod/basic-lottery-react
iglesias294/ethereum_react_lottery,https://github.com/iglesias294/ethereum_react_lottery
hiteshpm/Ethereum-lottery-react,https://github.com/hiteshpm/Ethereum-lottery-react
hiteshpm/Ethereum-lottery-react,https://github.com/hiteshpm/Ethereum-lottery-react
JeffyJeff1980/web3-lottery,https://github.com/JeffyJeff1980/web3-lottery
malnemark/ignis-asset-lottery,https://github.com/malnemark/ignis-asset-lottery
DeApp-Devs/lottery-react-solidity-2021,https://github.com/DeApp-Devs/lottery-react-solidity-2021
juliatan/solidity-lottery-react,https://github.com/juliatan/solidity-lottery-react
cbuckley88/react-lottery.eth,https://github.com/cbuckley88/react-lottery.eth
athelvaci/blockchain-lottery-game,https://github.com/athelvaci/blockchain-lottery-game
DavidWallJ/udemy-solidity-react-lottery,https://github.com/DavidWallJ/udemy-solidity-react-lottery
sushantkumar23/eth-lottery-react,https://github.com/sushantkumar23/eth-lottery-react
Shubhamdutta2000/Lottery-Smart-Contract-App-using-Etherium-Solidity-Web3JS,https://github.com/Shubhamdutta2000/Lottery-Smart-Contract-App-using-Etherium-Solidity-Web3JS
Sufyanraza50/Lottery-Smart-Contract-Solidity-Saurce-Code-0.7.0,https://github.com/Sufyanraza50/Lottery-Smart-Contract-Solidity-Saurce-Code-0.7.0
cryptobyksquare/solidity-smart-contracts,https://github.com/cryptobyksquare/solidity-smart-contracts
Dadi-T/Solidity-Lottery,https://github.com/Dadi-T/Solidity-Lottery
Dsstefanov/DSLottery,https://github.com/Dsstefanov/DSLottery
tapired/lottery,https://github.com/tapired/lottery
guchenghao/LuckyYou-Blockchain-Lottery-System,https://github.com/guchenghao/LuckyYou-Blockchain-Lottery-System
um4ng-tiw/Ethereum-Lottery-App,https://github.com/um4ng-tiw/Ethereum-Lottery-App
samc621/Lottery-Solidity,https://github.com/samc621/Lottery-Solidity
sunnyRK/decentralized-lottery-app,https://github.com/sunnyRK/decentralized-lottery-app
Keshavm-30/decentrilized-lottery-application,https://github.com/Keshavm-30/decentrilized-lottery-application
jackhardy1/react-lottery,https://github.com/jackhardy1/react-lottery
conflux-fans/lottery-draw,https://github.com/conflux-fans/lottery-draw
danielelisi/ethereum-lottery,https://github.com/danielelisi/ethereum-lottery
MehdizadeMilad/lottery_reactjs,https://github.com/MehdizadeMilad/lottery_reactjs
Webners1/Decentralized-LotteryApplication,https://github.com/Webners1/Decentralized-LotteryApplication
chanceDira/ether-lottery,https://github.com/chanceDira/ether-lottery
keshavbans/Lottery_Blockchain,https://github.com/keshavbans/Lottery_Blockchain
Arhan13/LotteryUsingBlockchain,https://github.com/Arhan13/LotteryUsingBlockchain
caseyr003/lottery-react,https://github.com/caseyr003/lottery-react
stormpyro/brownie-lottery,https://github.com/stormpyro/brownie-lottery
jmoon9/ethereum-lottery,https://github.com/jmoon9/ethereum-lottery
chandonn/lottery-app,https://github.com/chandonn/lottery-app
mekhiya/smartcontract_lottery,https://github.com/mekhiya/smartcontract_lottery
GANES1998/lottery,https://github.com/GANES1998/lottery
juanlux7/Ethereum-smart-contract-Blockchain,https://github.com/juanlux7/Ethereum-smart-contract-Blockchain
PrincewillDavidson/ETHEREUM-SMART-CONTRACT-DEVELOPMENT,https://github.com/PrincewillDavidson/ETHEREUM-SMART-CONTRACT-DEVELOPMENT
NCorreia100/lottery-ethereum-react,https://github.com/NCorreia100/lottery-ethereum-react
angelcatanzariti1/lottery_with_tokens,https://github.com/angelcatanzariti1/lottery_with_tokens
pnappeh/lottery-react-solidity,https://github.com/pnappeh/lottery-react-solidity
shahabvshahabi1996/lottery-decentralized-app,https://github.com/shahabvshahabi1996/lottery-decentralized-app
zemse/simple-lottery-ui,https://github.com/zemse/simple-lottery-ui
samc621/Lottery-React,https://github.com/samc621/Lottery-React
singhal1adarsh/LotterySystem,https://github.com/singhal1adarsh/LotterySystem
Myse1f/lottery-front,https://github.com/Myse1f/lottery-front
hamzafj5/lottery_etherium,https://github.com/hamzafj5/lottery_etherium
sadministrator/ReactLottery,https://github.com/sadministrator/ReactLottery
nour-karoui/lottery-ethereum,https://github.com/nour-karoui/lottery-ethereum
TotalingArc/Solidity-Lottery,https://github.com/TotalingArc/Solidity-Lottery
ameesha1205/nft-lottery,https://github.com/ameesha1205/nft-lottery
GunnlaugurCalvi/lottery-react,https://github.com/GunnlaugurCalvi/lottery-react
HollandPleskac/Decentralized-Lottery,https://github.com/HollandPleskac/Decentralized-Lottery
ajaguasin/lottery-react,https://github.com/ajaguasin/lottery-react
Myse1f/lottery-game,https://github.com/Myse1f/lottery-game
platocrat/lottery-react,https://github.com/platocrat/lottery-react
brighterfrog/adexrio,https://github.com/brighterfrog/adexrio
allmysmarts/card-pickup1,https://github.com/allmysmarts/card-pickup1
olivier7delf/ethereum-solidity-programming,https://github.com/olivier7delf/ethereum-solidity-programming
Hendobox/Lottery-DApp,https://github.com/Hendobox/Lottery-DApp
KartikRane/Lottery_Prj,https://github.com/KartikRane/Lottery_Prj
Gjorsi/blockchain_lottery,https://github.com/Gjorsi/blockchain_lottery
SinghShreyansh/Solidity-Project,https://github.com/SinghShreyansh/Solidity-Project
devanshbatra04/EtherLOT,https://github.com/devanshbatra04/EtherLOT
the25x8/Randao-Flipper,https://github.com/the25x8/Randao-Flipper
House-of-Cardano/cardano-millions,https://github.com/House-of-Cardano/cardano-millions
House-of-Cardano/cardano-millions-testnet,https://github.com/House-of-Cardano/cardano-millions-testnet
PabiGamito/etherlottery,https://github.com/PabiGamito/etherlottery
hyperrixel/LotteRhino,https://github.com/hyperrixel/LotteRhino
WadhahEssam/lottery-front-end,https://github.com/WadhahEssam/lottery-front-end
Stanbitcom/Stanbit,https://github.com/Stanbitcom/Stanbit
chrismanahan/alottoether,https://github.com/chrismanahan/alottoether
PeanutArbuckle0/HardhatTestDemo,https://github.com/PeanutArbuckle0/HardhatTestDemo
Paps94/Web3-Lottery,https://github.com/Paps94/Web3-Lottery
Saranshgour5/Decentralized_Lottery,https://github.com/Saranshgour5/Decentralized_Lottery
ParasGeeek/Lottery-Project-over-blockchain,https://github.com/ParasGeeek/Lottery-Project-over-blockchain
dfox97/lottery-solidity-react,https://github.com/dfox97/lottery-solidity-react
hryer/lotereact,https://github.com/hryer/lotereact
Andres-Andretti/Lottery-DApp,https://github.com/Andres-Andretti/Lottery-DApp
SukiratWarring/Lottery_Dapp,https://github.com/SukiratWarring/Lottery_Dapp
mando-dev/Part2_Lottery,https://github.com/mando-dev/Part2_Lottery
rknlhrqy/Ethereum-Lottery-React,https://github.com/rknlhrqy/Ethereum-Lottery-React
barasn/Stage_Lottery_Code_Source,https://github.com/barasn/Stage_Lottery_Code_Source
WadhahEssam/lottery-blockchain-application,https://github.com/WadhahEssam/lottery-blockchain-application
thanhnguyennguyen/lottery-react-app,https://github.com/thanhnguyennguyen/lottery-react-app
manasdange/Solidity-Projects-Blockchain,https://github.com/manasdange/Solidity-Projects-Blockchain
howardleejh/Presale,https://github.com/howardleejh/Presale
tigthor/loterra,https://github.com/tigthor/loterra
shadab14meb346/Lottery_dapp,https://github.com/shadab14meb346/Lottery_dapp
Moazzam12345/Brownie_Lottery,https://github.com/Moazzam12345/Brownie_Lottery
ramgopal18998/decentralized-lottery-system,https://github.com/ramgopal18998/decentralized-lottery-system
harshthakur066/bet-ur-luck,https://github.com/harshthakur066/bet-ur-luck
morphean-sec/solidity-projects,https://github.com/morphean-sec/solidity-projects
sagarparker/LuckyWinner_Ethereum,https://github.com/sagarparker/LuckyWinner_Ethereum
mando-dev/Ethereum_lottery_Solidity_Web3_Truffle_ABI_Remix,https://github.com/mando-dev/Ethereum_lottery_Solidity_Web3_Truffle_ABI_Remix
JPcodebeast/Blockchain-Tech-on-Crowdfunding-lottery-Apps,https://github.com/JPcodebeast/Blockchain-Tech-on-Crowdfunding-lottery-Apps
amritmaurya1504/D-Loto-Ethereum-Dapp-,https://github.com/amritmaurya1504/D-Loto-Ethereum-Dapp-
JCGuest/wave-portal,https://github.com/JCGuest/wave-portal
Cryptoaj-hack/DFDTOKEN,https://github.com/Cryptoaj-hack/DFDTOKEN
th2lambo/fomo2moon,https://github.com/th2lambo/fomo2moon
MrDbz1/DBZFOMO,https://github.com/MrDbz1/DBZFOMO
