Hsiang-xxs/Auction,https://github.com/Hsiang-xxs/Auction
avolabs-io/nft-auction,https://github.com/avolabs-io/nft-auction
pocketinns/PocketinnsContracts,https://github.com/pocketinns/PocketinnsContracts
ShreeVishwa/Auction,https://github.com/ShreeVishwa/Auction
yieldprotocol/yield-liquidator-v2,https://github.com/yieldprotocol/yield-liquidator-v2
XLNT/auction-contracts,https://github.com/XLNT/auction-contracts
techwithtim/Solidity-NFT-Auction,https://github.com/techwithtim/Solidity-NFT-Auction
fetchai/staking-contract,https://github.com/fetchai/staking-contract
0xAlchemist/flow-auction,https://github.com/0xAlchemist/flow-auction
penny-auction/smart-contract,https://github.com/penny-auction/smart-contract
baedrik/SCRT-sealed-bid-auction,https://github.com/baedrik/SCRT-sealed-bid-auction
upandey3/Ethereum-SmartContract,https://github.com/upandey3/Ethereum-SmartContract
reflexer-labs/geb-keeper-flash-proxy,https://github.com/reflexer-labs/geb-keeper-flash-proxy
LorranSutter/Auction-Smart-Contract,https://github.com/LorranSutter/Auction-Smart-Contract
that83/auction-as,https://github.com/that83/auction-as
josephmartinmoran/NFT_Auctions,https://github.com/josephmartinmoran/NFT_Auctions
Canonical-LLC/Genesis-Auction-House,https://github.com/Canonical-LLC/Genesis-Auction-House
Nimish-M/Auction-SmartContract,https://github.com/Nimish-M/Auction-SmartContract
shl0ms/CAR-contracts,https://github.com/shl0ms/CAR-contracts
HSG88/VickreyAuction,https://github.com/HSG88/VickreyAuction
samyukthagopalsamy/AuctionSmartContract,https://github.com/samyukthagopalsamy/AuctionSmartContract
gsofter/nft-auction-contracts,https://github.com/gsofter/nft-auction-contracts
anistark/smart-contracts-demo,https://github.com/anistark/smart-contracts-demo
WOM-Protocol/Ethereum-DutchAuction,https://github.com/WOM-Protocol/Ethereum-DutchAuction
ninedragonlabs/eth-auction-smart-contract,https://github.com/ninedragonlabs/eth-auction-smart-contract
trungduyen0220/smart-contracts-auction,https://github.com/trungduyen0220/smart-contracts-auction
Rama-007/Combinatorial-auction-using-Smart-Contract,https://github.com/Rama-007/Combinatorial-auction-using-Smart-Contract
MrRobot2001/AuctionContract,https://github.com/MrRobot2001/AuctionContract
raks0078/smartcontract-kickstarter-,https://github.com/raks0078/smartcontract-kickstarter-
hyperfekt/ethereum-auctions,https://github.com/hyperfekt/ethereum-auctions
R0bertDenir0/auctionSmartContract,https://github.com/R0bertDenir0/auctionSmartContract
githubpps/Auction-smart-contract,https://github.com/githubpps/Auction-smart-contract
Omprakash8198/Auction_SmartContract_Blockchain,https://github.com/Omprakash8198/Auction_SmartContract_Blockchain
liu-zhipeng/auction-contracts,https://github.com/liu-zhipeng/auction-contracts
rubenalbi/auction-smart-contract,https://github.com/rubenalbi/auction-smart-contract
kshitij0-0/Auction-on-Solidity,https://github.com/kshitij0-0/Auction-on-Solidity
yychen-code/Simple-Auction-Smart-Contract-,https://github.com/yychen-code/Simple-Auction-Smart-Contract-
jaimebunay/simple_open_auction,https://github.com/jaimebunay/simple_open_auction
apoxes/auction-app,https://github.com/apoxes/auction-app
sylvainSUPINTERNET/smart-auctionHouse,https://github.com/sylvainSUPINTERNET/smart-auctionHouse
mateoKutnjak/auction,https://github.com/mateoKutnjak/auction
astasovsky/Auction,https://github.com/astasovsky/Auction
devrdias/AuctionContract,https://github.com/devrdias/AuctionContract
alohamora/AuctionSmartContract,https://github.com/alohamora/AuctionSmartContract
mohitkumartoshniwal/AuctionSmartContract,https://github.com/mohitkumartoshniwal/AuctionSmartContract
vaibs28/AuctionSmartContract,https://github.com/vaibs28/AuctionSmartContract
BartekJachowicz/Auction-platform,https://github.com/BartekJachowicz/Auction-platform
zinato/AuctionSmartContract,https://github.com/zinato/AuctionSmartContract
Simecekk/AuctionSmartContract,https://github.com/Simecekk/AuctionSmartContract
CyberVein-official/AuctionSmartContract,https://github.com/CyberVein-official/AuctionSmartContract
DylanOwens-Dev/auctionSmartContract,https://github.com/DylanOwens-Dev/auctionSmartContract
ProfesorReis/AuctionSmartContract,https://github.com/ProfesorReis/AuctionSmartContract
michaelhly/cdp-auction-contracts,https://github.com/michaelhly/cdp-auction-contracts
jchanunhs/SimpleAuctionSmartContract,https://github.com/jchanunhs/SimpleAuctionSmartContract
JacobJ215/martian-auction,https://github.com/JacobJ215/martian-auction
kabl/speculator-auction,https://github.com/kabl/speculator-auction
rahul70392/Pocketinns,https://github.com/rahul70392/Pocketinns
deRemo/smartAuction,https://github.com/deRemo/smartAuction
memez-michalek/Solidity-Auction-SmartContract,https://github.com/memez-michalek/Solidity-Auction-SmartContract
Apoorav29/SmartContract_Auctions,https://github.com/Apoorav29/SmartContract_Auctions
Alexandre-MRG/Ethereum-SmartContract-Auctions,https://github.com/Alexandre-MRG/Ethereum-SmartContract-Auctions
Kunalgarg2100/Auction-SmartContract,https://github.com/Kunalgarg2100/Auction-SmartContract
AnishGG/Auction-SmartContract,https://github.com/AnishGG/Auction-SmartContract
NobleTuna/SmartContract_Practice_Auction,https://github.com/NobleTuna/SmartContract_Practice_Auction
KevinH2810/dutchAuction-smartContract,https://github.com/KevinH2810/dutchAuction-smartContract
mourya317-EthereumDapps/Auction-SmartContract,https://github.com/mourya317-EthereumDapps/Auction-SmartContract
AshwiniRangnekar/SmartContract-Auction,https://github.com/AshwiniRangnekar/SmartContract-Auction
Diegoescalonaro/Auction-SmartContract,https://github.com/Diegoescalonaro/Auction-SmartContract
LalaYun/NFT_AuctionContract,https://github.com/LalaYun/NFT_AuctionContract
Cezar-X/cezarx,https://github.com/Cezar-X/cezarx
leo-cube/Auction-Transfer_Ownership-Solidity-Smart-Contract,https://github.com/leo-cube/Auction-Transfer_Ownership-Solidity-Smart-Contract
AlexeyInc/NewsTokenERC20_Auction,https://github.com/AlexeyInc/NewsTokenERC20_Auction
eherrador/auctionsubgraph,https://github.com/eherrador/auctionsubgraph
AuxPlatform/auction-contracts,https://github.com/AuxPlatform/auction-contracts
vasasharath/Auction-Smart-Contract,https://github.com/vasasharath/Auction-Smart-Contract
datazen07/Auction-Smart-contract,https://github.com/datazen07/Auction-Smart-contract
consynor/Auction-Smart-Contract-UI,https://github.com/consynor/Auction-Smart-Contract-UI
MahmoudAlyy/Blind-Auction-Smart-Contract,https://github.com/MahmoudAlyy/Blind-Auction-Smart-Contract
Harshad1863/Auction_Smart_contract,https://github.com/Harshad1863/Auction_Smart_contract
jganobsik/Auction-Contract,https://github.com/jganobsik/Auction-Contract
shantanhunt/Simple-Farmer-Auction-on-Ethereum-Blockchain,https://github.com/shantanhunt/Simple-Farmer-Auction-on-Ethereum-Blockchain
calistus-igwilo/smart-contract-auction,https://github.com/calistus-igwilo/smart-contract-auction
tassisa/AuctionApp,https://github.com/tassisa/AuctionApp
andrescrd/auction-smart-contract,https://github.com/andrescrd/auction-smart-contract
anas-hamed/Blind-Auction-Smart-Contract,https://github.com/anas-hamed/Blind-Auction-Smart-Contract
ChenYizhu97/AuctionDapp,https://github.com/ChenYizhu97/AuctionDapp
DiegoArcelli/Blind-Auction-Smart-Contract,https://github.com/DiegoArcelli/Blind-Auction-Smart-Contract
Acp-Pradhyuman/auction-smart-contracts-,https://github.com/Acp-Pradhyuman/auction-smart-contracts-
basharat949/Auction_Smart_contract,https://github.com/basharat949/Auction_Smart_contract
LkingForW/Solidity_Auction_Smart_Contract,https://github.com/LkingForW/Solidity_Auction_Smart_Contract
ravsimar-sodhi/auction-smart-contract,https://github.com/ravsimar-sodhi/auction-smart-contract
AbdulrahmanMasoud/auction-smart-contract,https://github.com/AbdulrahmanMasoud/auction-smart-contract
Islandersfan2016/Auction-Smart-Contract,https://github.com/Islandersfan2016/Auction-Smart-Contract
kimiti/The-Auction-Smart-Contract,https://github.com/kimiti/The-Auction-Smart-Contract
fatmasherif98/Auction-Smart-Contract,https://github.com/fatmasherif98/Auction-Smart-Contract
mannyiagbayani/auction-smart-contract,https://github.com/mannyiagbayani/auction-smart-contract
Krishduttm/auction-smart_contract,https://github.com/Krishduttm/auction-smart_contract
jyogesh17/Auction-Smart-Contract,https://github.com/jyogesh17/Auction-Smart-Contract
RaihanArdianata/Auction-Smart-Contract,https://github.com/RaihanArdianata/Auction-Smart-Contract
rishabhpanwar05/Auction_Smart_Contract,https://github.com/rishabhpanwar05/Auction_Smart_Contract
richakushwaha/Auction-Smart-Contract,https://github.com/richakushwaha/Auction-Smart-Contract
ThomasDre/Demo-Auction-Smart-Contract,https://github.com/ThomasDre/Demo-Auction-Smart-Contract
oldhanddev/smart-contracts-auction,https://github.com/oldhanddev/smart-contracts-auction
karthikchintapalli/auction-smart-contract,https://github.com/karthikchintapalli/auction-smart-contract
bhakti0302/Smart-Contract--Auction.sol,https://github.com/bhakti0302/Smart-Contract--Auction.sol
jtwicked96/Auction-Smart-Contract,https://github.com/jtwicked96/Auction-Smart-Contract
seanmayer/Auction-Smart-Contract,https://github.com/seanmayer/Auction-Smart-Contract
adit2998/Smart-Contract-for-auctioning,https://github.com/adit2998/Smart-Contract-for-auctioning
ThatsRajeev/Auction-Smart-Contract,https://github.com/ThatsRajeev/Auction-Smart-Contract
sanyam810/Auction_Smart_Contract,https://github.com/sanyam810/Auction_Smart_Contract
kireeti-r/Auction-Smart-Contract,https://github.com/kireeti-r/Auction-Smart-Contract
ravsimar-sodhi/auction-smart-contract,https://github.com/ravsimar-sodhi/auction-smart-contract
adit2998/Smart-Contract-for-auctioning,https://github.com/adit2998/Smart-Contract-for-auctioning
sanyam810/Auction_Smart_Contract,https://github.com/sanyam810/Auction_Smart_Contract
ThatsRajeev/Auction-Smart-Contract,https://github.com/ThatsRajeev/Auction-Smart-Contract
waytoashutosh/Auction-Smart-Contract,https://github.com/waytoashutosh/Auction-Smart-Contract
ashhar001/Auction-Smart-Contract,https://github.com/ashhar001/Auction-Smart-Contract
eltondornelas/auction-smart-contract,https://github.com/eltondornelas/auction-smart-contract
kasrus/Auction_smart_contract,https://github.com/kasrus/Auction_smart_contract
mk6619/AuctionSystem,https://github.com/mk6619/AuctionSystem
xovest/nft-auctions,https://github.com/xovest/nft-auctions
nnomier/Auction-Smart-Contract,https://github.com/nnomier/Auction-Smart-Contract
harahash/small-auction-smart-contract,https://github.com/harahash/small-auction-smart-contract
tonyhoangtran92/Smart-Contract-_-English-Auction,https://github.com/tonyhoangtran92/Smart-Contract-_-English-Auction
harsh9500/Auction-Smart-Contract,https://github.com/harsh9500/Auction-Smart-Contract
alahirajeffrey/simple-auction-smart-contract,https://github.com/alahirajeffrey/simple-auction-smart-contract
RuslanBilyk/Auction_smart-contract,https://github.com/RuslanBilyk/Auction_smart-contract
Jaylukmann/SimpleAuction-smart-contract,https://github.com/Jaylukmann/SimpleAuction-smart-contract
ganeshvanahalli/Auction_smart_contract-,https://github.com/ganeshvanahalli/Auction_smart_contract-
jsanmigimeno/DutchAuctionSmartContract,https://github.com/jsanmigimeno/DutchAuctionSmartContract
PanchenkoAnton/DutchAuction,https://github.com/PanchenkoAnton/DutchAuction
dotrungkien/clarity-auction,https://github.com/dotrungkien/clarity-auction
hoangsonbk/auction-blockchain,https://github.com/hoangsonbk/auction-blockchain
Dip11/Blockchain-Based-Auction-Smart-Contract,https://github.com/Dip11/Blockchain-Based-Auction-Smart-Contract
IRBAIRMEEN/BLIND-AUCTION--ROSCA,https://github.com/IRBAIRMEEN/BLIND-AUCTION--ROSCA
sr2151/MartianMarket,https://github.com/sr2151/MartianMarket
ashwath129/Decentralized-Blockchain-Auction-Smart-Contract---Solidity,https://github.com/ashwath129/Decentralized-Blockchain-Auction-Smart-Contract---Solidity
Ruggiero-Santo/SmartAuction,https://github.com/Ruggiero-Santo/SmartAuction
AGupta15/Ether-Auction-House,https://github.com/AGupta15/Ether-Auction-House
sudeepb02/cryptokitties-siringauction,https://github.com/sudeepb02/cryptokitties-siringauction
chlxt/BlindAuctionContract,https://github.com/chlxt/BlindAuctionContract
JiandeLi1/hardhat-auction-house,https://github.com/JiandeLi1/hardhat-auction-house
chlxt/OpenAuctionContract,https://github.com/chlxt/OpenAuctionContract
ahmedhammad97/Smart-Auction,https://github.com/ahmedhammad97/Smart-Auction
allanokothdev/Decentralized-Blind-Auction,https://github.com/allanokothdev/Decentralized-Blind-Auction
MCBurda/erc1155_auction_contract,https://github.com/MCBurda/erc1155_auction_contract
hilaryohilary/Auction-Contract,https://github.com/hilaryohilary/Auction-Contract
samwilliamsprojects/Vyper-Dutch-Auction-Smart-Contract,https://github.com/samwilliamsprojects/Vyper-Dutch-Auction-Smart-Contract
duguorong009/terra-smart-contract-ticket-auction,https://github.com/duguorong009/terra-smart-contract-ticket-auction
vishalburri/Vyper---combinatorial-auction-smart-contract,https://github.com/vishalburri/Vyper---combinatorial-auction-smart-contract
samwilliamsprojects/Vyper-Dutch-Auction-Smart-Contract,https://github.com/samwilliamsprojects/Vyper-Dutch-Auction-Smart-Contract
duguorong009/terra-smart-contract-ticket-auction,https://github.com/duguorong009/terra-smart-contract-ticket-auction
AleksanderB-hub/Dutch-Auction-Using-Smart-Contract,https://github.com/AleksanderB-hub/Dutch-Auction-Using-Smart-Contract
auctpool-tech/auctpool-contracts,https://github.com/auctpool-tech/auctpool-contracts
KKatkar/Blockchain-smartContract,https://github.com/KKatkar/Blockchain-smartContract
sreechow/Solidity_SmartContracts,https://github.com/sreechow/Solidity_SmartContracts
Lieu98/IPL_Auction_Blockchain,https://github.com/Lieu98/IPL_Auction_Blockchain
anirudh3171/Auction-Contracts,https://github.com/anirudh3171/Auction-Contracts
mcmuralishclint/Auction-for-Fundraising-for-a-Social-Cause,https://github.com/mcmuralishclint/Auction-for-Fundraising-for-a-Social-Cause
devendran-m/Auction,https://github.com/devendran-m/Auction
ckyriakos/auction-dapp,https://github.com/ckyriakos/auction-dapp
JuanLucasLaur/solidity-auction,https://github.com/JuanLucasLaur/solidity-auction
bhuvanmalik007/truffle-auction,https://github.com/bhuvanmalik007/truffle-auction
GuutBoy/EtherAuction,https://github.com/GuutBoy/EtherAuction
Goldenugget/AUCTION_Gateway_Contract,https://github.com/Goldenugget/AUCTION_Gateway_Contract
eosforks/EOSIO-AUCTIONS,https://github.com/eosforks/EOSIO-AUCTIONS
liu-zhipeng/auction-api,https://github.com/liu-zhipeng/auction-api
git-token/auction-ui,https://github.com/git-token/auction-ui
rudreshsolanki97/onlineAuction,https://github.com/rudreshsolanki97/onlineAuction
u3572069/Chinese-Auction,https://github.com/u3572069/Chinese-Auction
sarthak9426/OpenAuction,https://github.com/sarthak9426/OpenAuction
gianniskok/DutchAuction,https://github.com/gianniskok/DutchAuction
Chococoin/ChocoAuction,https://github.com/Chococoin/ChocoAuction
nikbhintade/decentrailzedAuction,https://github.com/nikbhintade/decentrailzedAuction
KorenOdelia/VickreyAuction,https://github.com/KorenOdelia/VickreyAuction
million-pieces/smart-contracts,https://github.com/million-pieces/smart-contracts
trustdomains/trust-auction-contracts,https://github.com/trustdomains/trust-auction-contracts
Hagar-Usama/blindAuction,https://github.com/Hagar-Usama/blindAuction
darubiomunoz/smartcontract-simpleauction,https://github.com/darubiomunoz/smartcontract-simpleauction
obsidiansystems/lazy-minting,https://github.com/obsidiansystems/lazy-minting
cieslarmichal/smart-contracts,https://github.com/cieslarmichal/smart-contracts
raj4tshenoy/AuctionBLockchain,https://github.com/raj4tshenoy/AuctionBLockchain
MosesSupposes/Block-Chain-Auctions,https://github.com/MosesSupposes/Block-Chain-Auctions
chaidop/auctionPage,https://github.com/chaidop/auctionPage
ZeshunShi/SC4CloudAuction,https://github.com/ZeshunShi/SC4CloudAuction
MayssaraOmar/A-Simple-Auction,https://github.com/MayssaraOmar/A-Simple-Auction
matthewdowns/tezos-auction-dapp,https://github.com/matthewdowns/tezos-auction-dapp
gperezvillar1975/scba-auction-ethereum,https://github.com/gperezvillar1975/scba-auction-ethereum
Kaisle/DollarAuctionSolidity,https://github.com/Kaisle/DollarAuctionSolidity
ZloyBaklan/blockchain_test_coin_auction,https://github.com/ZloyBaklan/blockchain_test_coin_auction
michaelsmueller/gloom,https://github.com/michaelsmueller/gloom
michaelyychen/solidityAuctionHouse,https://github.com/michaelyychen/solidityAuctionHouse
Trent122/Solidity-Advanced-Auction,https://github.com/Trent122/Solidity-Advanced-Auction
TDD-Solidity/Auction-TDD-Exercise,https://github.com/TDD-Solidity/Auction-TDD-Exercise
brigide/solidity-auction-system,https://github.com/brigide/solidity-auction-system
hillarymangena/Smart-Contract-for-a-Conventional-Auction,https://github.com/hillarymangena/Smart-Contract-for-a-Conventional-Auction
haitien/Project20182-Auction-smart-contract-demo,https://github.com/haitien/Project20182-Auction-smart-contract-demo
Vivek123-stack/Auction-via-Smart-Contract-in-Blockchain,https://github.com/Vivek123-stack/Auction-via-Smart-Contract-in-Blockchain
nisacharan/Smart-Contract-for-an-Auction-System,https://github.com/nisacharan/Smart-Contract-for-an-Auction-System
KushagraSingh02/Smart-Contracts---NFT-Auction-and-Banking-,https://github.com/KushagraSingh02/Smart-Contracts---NFT-Auction-and-Banking-
KushagraSingh02/Smart-Contracts---NFT-Auction-and-Banking-,https://github.com/KushagraSingh02/Smart-Contracts---NFT-Auction-and-Banking-
Vivek123-stack/Auction-via-Smart-Contract-in-Blockchain,https://github.com/Vivek123-stack/Auction-via-Smart-Contract-in-Blockchain
SagarSikchi/Simple-Farmer-Auction-using-Ethereum-Smart-Contracts,https://github.com/SagarSikchi/Simple-Farmer-Auction-using-Ethereum-Smart-Contracts
shantanhunt/Simple-Farmer-Auction-using-Ethereum-Smart-Contracts,https://github.com/shantanhunt/Simple-Farmer-Auction-using-Ethereum-Smart-Contracts
MonicaSai7/Blockchain-Based-E-Auction-using-Smart-Contract,https://github.com/MonicaSai7/Blockchain-Based-E-Auction-using-Smart-Contract
notildore/smart_auction_DA2,https://github.com/notildore/smart_auction_DA2
CassadyCampos/smartcontract-auction-bidding,https://github.com/CassadyCampos/smartcontract-auction-bidding
notdon/Solidity-Auction-Contract,https://github.com/notdon/Solidity-Auction-Contract
dldmarnell/myad-market,https://github.com/dldmarnell/myad-market
mglush/smartContractProject,https://github.com/mglush/smartContractProject
Sufyanraza50/Auction-Smart-Contract-Source-Code-0.7.0,https://github.com/Sufyanraza50/Auction-Smart-Contract-Source-Code-0.7.0
vneetcom/mocktion,https://github.com/vneetcom/mocktion
swapnilnarad2000/Blockchain-Assignment-3,https://github.com/swapnilnarad2000/Blockchain-Assignment-3
danenbm/fintech-p3-nth-price-auction,https://github.com/danenbm/fintech-p3-nth-price-auction
Airine/CAStock,https://github.com/Airine/CAStock
ncantu/giftCoin,https://github.com/ncantu/giftCoin
weijiekoh/hireme,https://github.com/weijiekoh/hireme
DeversiFi/nec-engine,https://github.com/DeversiFi/nec-engine
promisinghan/martian,https://github.com/promisinghan/martian
PanGan21/auctionplace,https://github.com/PanGan21/auctionplace
rabbabansh/AuctionBlockchain,https://github.com/rabbabansh/AuctionBlockchain
reflexer-labs/geb-surplus-auction-trigger,https://github.com/reflexer-labs/geb-surplus-auction-trigger
JoWxW/Vickrey-Auction,https://github.com/JoWxW/Vickrey-Auction
dmitrytut/eth-auction,https://github.com/dmitrytut/eth-auction
afresquet/advertisement-auction,https://github.com/afresquet/advertisement-auction
BavyaBalakrishnan/Blockchain-based-Bidding-system,https://github.com/BavyaBalakrishnan/Blockchain-based-Bidding-system
eu09/zora-woocommerce,https://github.com/eu09/zora-woocommerce
nikhil6m/Open-Auction,https://github.com/nikhil6m/Open-Auction
qkdxorjs1002/dapp_auction,https://github.com/qkdxorjs1002/dapp_auction
pclaypoole/Auto_Auction,https://github.com/pclaypoole/Auto_Auction
punisher03/Decentralized-Auction,https://github.com/punisher03/Decentralized-Auction
sohhar/auction-app,https://github.com/sohhar/auction-app
mrbelgacem/auction_app,https://github.com/mrbelgacem/auction_app
AL-S4H3R/Auction_System_Demo_Solidity,https://github.com/AL-S4H3R/Auction_System_Demo_Solidity
darubiomunoz/smartcontract-blindauction,https://github.com/darubiomunoz/smartcontract-blindauction
amologoko/UniformPriceAuction,https://github.com/amologoko/UniformPriceAuction
reflexer-labs/geb-collateral-auction-throttler,https://github.com/reflexer-labs/geb-collateral-auction-throttler
MitchTODO/auctionable-ERC721,https://github.com/MitchTODO/auctionable-ERC721
yarode/coursera-auction,https://github.com/yarode/coursera-auction
moinuddin14/vyper_auction_demo,https://github.com/moinuddin14/vyper_auction_demo
Ava33343/Supersonic_Deals,https://github.com/Ava33343/Supersonic_Deals
PhilipWaddilove/loan_syndication_on_blockchain,https://github.com/PhilipWaddilove/loan_syndication_on_blockchain
olivier7delf/ethereum-solidity-programming,https://github.com/olivier7delf/ethereum-solidity-programming
CreatifyPlatform/marketplace,https://github.com/CreatifyPlatform/marketplace
alexpoe22/solidityUIMockup,https://github.com/alexpoe22/solidityUIMockup
i-link-pro-team/shared-asset,https://github.com/i-link-pro-team/shared-asset
promisinghan/martian-market,https://github.com/promisinghan/martian-market
freight-chain/facilities,https://github.com/freight-chain/facilities
SiddarthVijay/QueenAnnesRevenge,https://github.com/SiddarthVijay/QueenAnnesRevenge
jatins13/Penny-Social---Blockchain-Solution,https://github.com/jatins13/Penny-Social---Blockchain-Solution
i-link-pro-team/shared-asset,https://github.com/i-link-pro-team/shared-asset
gitter-badger/shop-token,https://github.com/gitter-badger/shop-token
york-yang-me/EShop,https://github.com/york-yang-me/EShop
realChainLife/EWA-Token,https://github.com/realChainLife/EWA-Token
remstondsa7/Auction-for-Fundraising-for-a-Social-Cause-with-Ethereum-Smart-contract,https://github.com/remstondsa7/Auction-for-Fundraising-for-a-Social-Cause-with-Ethereum-Smart-contract
abhivick07/GetYourBid,https://github.com/abhivick07/GetYourBid
michaelsmueller/gloom-core,https://github.com/michaelsmueller/gloom-core
Patralekha/Chinese-Auction,https://github.com/Patralekha/Chinese-Auction
RichardPy02/decentralized_shop,https://github.com/RichardPy02/decentralized_shop
michaelsmueller/gloom-interface,https://github.com/michaelsmueller/gloom-interface
codebuster22/bankchain,https://github.com/codebuster22/bankchain
reliwell/Portfolio,https://github.com/reliwell/Portfolio
SabahatJK/MartianLandMarket,https://github.com/SabahatJK/MartianLandMarket
animesh-web/NFT-Marketplace-hackathon-ribble,https://github.com/animesh-web/NFT-Marketplace-hackathon-ribble
succorcoin/succor-nft,https://github.com/succorcoin/succor-nft
MarvelCinematic/mcu,https://github.com/MarvelCinematic/mcu
MarvelCinematic/0x3c44f901a44825a13fce4948475a54acddb3ba81,https://github.com/MarvelCinematic/0x3c44f901a44825a13fce4948475a54acddb3ba81
HimalayaLabs/DGCAMP-Summary,https://github.com/HimalayaLabs/DGCAMP-Summary
